"Dist Code","Year","State Code","State Name","Dist Name","JANUARY MINIMUM (Centigrate)","FEBRUARY MINIMUM (Centigrate)","MARCH MINIMUM (Centigrate)","APRIL MINIMUM (Centigrate)","MAY MINIMUM (Centigrate)","JUNE MINIMUM (Centigrate)","JULY MINIMUM (Centigrate)","AUGUST MINIMUM (Centigrate)","SEPTEMBER MINIMUM (Centigrate)","OCTOBER MINIMUM (Centigrate)","NOVEMBER MINIMUM (Centigrate)","DECEMBER MINIMUM (Centigrate)"
"55","1958","20","Telangana","Hyderabad","15.84","18.55","20.58","24.41","26.54","26.42","22.44","22.34","22.47","20.7","17.93","15.06"
"55","1959","20","Telangana","Hyderabad","16.82","18.95","20.68","24.12","26.74","23.89","21.9","22.08","22.31","21.34","17.15","14.62"
"55","1960","20","Telangana","Hyderabad","15.97","16.39","20.7","23.43","25.84","23.99","23.04","22.87","22.39","20.3","16.53","15.35"
"55","1961","20","Telangana","Hyderabad","16.01","17.27","21.69","24.27","25.47","23.23","22.27","22.11","21.75","20.06","16.45","13.9"
"55","1962","20","Telangana","Hyderabad","13.29","16.24","19.91","23.26","25.09","24.35","22.5","22.01","21.51","19.23","16.17","14.94"
"55","1963","20","Telangana","Hyderabad","13.98","15.94","19.98","22.25","25.41","22.91","22.54","21.54","22.07","20.45","17.56","14.66"
"55","1964","20","Telangana","Hyderabad","15.42","17.48","20.95","24.43","26.48","23.69","22.15","21.24","21.33","20.44","16.0","13.07"
"55","1965","20","Telangana","Hyderabad","15.26","17.18","19.98","22.77","25.69","23.97","22.4","22.25","21.98","20.12","16.67","15.46"
"55","1966","20","Telangana","Hyderabad","15.61","17.84","20.74","24.16","25.99","24.88","23.56","22.87","21.57","19.9","18.52","14.54"
"55","1967","20","Telangana","Hyderabad","15.26","16.79","20.58","23.46","26.16","24.57","22.74","22.22","21.97","19.56","15.92","17.21"
"55","1968","20","Telangana","Hyderabad","15.08","18.14","19.5","22.48","25.61","24.23","22.66","22.74","21.7","18.47","16.08","14.86"
"55","1969","20","Telangana","Hyderabad","15.59","18.82","22.21","24.68","25.74","24.66","22.3","22.11","21.95","20.34","17.97","14.24"
"55","1970","20","Telangana","Hyderabad","15.52","19.01","21.52","24.71","26.36","22.66","22.85","21.76","22.11","20.1","15.07","11.26"
"55","1971","20","Telangana","Hyderabad","15.45","18.37","20.06","24.17","25.25","22.32","23.41","22.69","22.4","19.86","15.81","13.42"
"55","1972","20","Telangana","Hyderabad","13.42","18.04","21.0","23.98","26.27","25.94","23.46","23.11","22.51","20.89","17.42","16.28"
"55","1973","20","Telangana","Hyderabad","16.8","19.35","21.91","26.15","28.15","24.87","22.69","21.89","22.97","20.18","16.45","14.59"
"55","1974","20","Telangana","Hyderabad","14.2","17.98","21.15","24.95","25.43","23.93","23.87","22.22","22.21","21.2","15.24","13.72"
"55","1975","20","Telangana","Hyderabad","14.11","17.9","20.8","24.77","26.84","23.61","22.46","22.47","21.41","21.54","15.47","11.78"
"55","1976","20","Telangana","Hyderabad","13.75","17.0","20.28","23.95","26.22","24.23","22.27","21.81","21.96","20.6","19.29","15.81"
"55","1977","20","Telangana","Hyderabad","15.41","18.59","21.84","24.9","25.81","24.45","23.23","22.47","22.66","20.09","20.19","14.78"
"55","1978","20","Telangana","Hyderabad","15.9","18.4","21.21","24.69","27.04","23.82","22.33","22.07","22.62","20.94","19.54","15.98"
"55","1979","20","Telangana","Hyderabad","17.68","18.55","20.54","24.69","25.38","25.63","24.24","23.02","22.64","22.42","20.57","16.64"
"55","1980","20","Telangana","Hyderabad","17.95","19.84","22.53","25.84","27.41","23.03","23.35","22.27","22.79","21.76","18.68","15.62"
"55","1981","20","Telangana","Hyderabad","16.01","18.78","20.81","24.99","26.66","24.97","23.47","22.28","22.32","21.1","17.27","15.54"
"55","1982","20","Telangana","Hyderabad","17.94","20.11","21.56","24.76","25.74","25.08","23.8","22.83","22.61","21.09","19.63","16.14"
"55","1983","20","Telangana","Hyderabad","15.96","20.11","23.07","24.8","27.0","26.14","23.66","22.95","22.23","21.16","15.95","15.1"
"55","1984","20","Telangana","Hyderabad","17.27","18.52","20.93","24.52","27.96","24.33","22.86","22.71","22.74","21.46","16.17","15.12"
"55","1985","20","Telangana","Hyderabad","17.02","18.6","22.05","25.14","27.21","23.75","22.73","22.37","22.96","19.67","16.16","15.44"
"55","1986","20","Telangana","Hyderabad","15.48","18.79","21.64","24.78","27.0","23.67","23.2","22.02","23.25","21.26","18.06","15.52"
"55","1987","20","Telangana","Hyderabad","16.52","17.69","20.59","24.76","25.16","25.05","23.03","22.7","23.65","20.97","18.41","15.49"
"55","1988","20","Telangana","Hyderabad","16.78","19.64","22.26","24.62","27.87","25.04","22.14","22.32","22.14","20.11","16.93","14.79"
"55","1989","20","Telangana","Hyderabad","15.48","17.28","20.77","24.28","26.91","23.64","22.53","22.17","22.28","20.38","17.63","14.83"
"55","1990","20","Telangana","Hyderabad","15.03","18.82","21.55","24.96","24.34","23.05","22.77","22.39","22.63","20.61","18.61","16.14"
"55","1991","20","Telangana","Hyderabad","15.93","19.14","21.95","24.81","27.28","23.86","23.01","22.12","23.11","20.47","17.04","14.46"
"55","1992","20","Telangana","Hyderabad","14.55","18.56","21.45","24.75","26.86","25.28","23.79","22.14","22.16","21.4","17.9","13.7"
"55","1993","20","Telangana","Hyderabad","15.91","16.95","21.18","24.58","27.32","26.06","23.53","22.71","22.69","21.78","18.19","13.85"
"55","1994","20","Telangana","Hyderabad","16.23","18.58","21.82","24.18","27.24","24.52","22.42","22.24","22.26","20.53","16.67","13.14"
"55","1995","20","Telangana","Hyderabad","14.26","18.64","21.19","23.46","24.94","25.78","23.03","22.96","22.76","20.7","17.21","14.98"
"55","1996","20","Telangana","Hyderabad","17.43","18.66","22.04","23.95","27.43","24.68","23.3","22.3","22.51","20.3","17.02","14.39"
"55","1997","20","Telangana","Hyderabad","14.69","16.89","20.61","22.69","26.16","25.42","23.78","22.89","22.62","20.42","20.23","18.12"
"55","1998","20","Telangana","Hyderabad","17.67","18.97","21.43","25.56","27.72","26.25","24.0","23.0","22.95","21.71","18.6","14.25"
"55","1999","20","Telangana","Hyderabad","14.89","19.26","21.87","25.89","25.68","24.03","23.21","22.56","22.25","20.68","17.24","13.92"
"55","2000","20","Telangana","Hyderabad","16.31","18.76","20.12","26.03","25.87","23.04","22.91","22.51","22.46","21.99","17.41","14.53"
"55","2001","20","Telangana","Hyderabad","16.27","19.48","21.24","24.24","27.83","24.17","23.96","22.17","22.99","20.61","18.7","14.96"
"55","2002","20","Telangana","Hyderabad","15.76","18.79","22.04","25.94","26.8","23.99","24.66","22.41","23.88","21.54","17.82","16.18"
"55","2003","20","Telangana","Hyderabad","16.64","19.86","21.65","25.84","29.0","26.86","23.82","23.17","23.18","21.43","18.18","15.09"
"55","2004","20","Telangana","Hyderabad","15.88","18.07","22.24","25.27","24.62","24.76","23.3","23.34","22.83","20.58","18.09","15.15"
"55","2005","20","Telangana","Hyderabad","16.5","18.97","21.72","24.53","27.16","26.04","22.37","22.77","22.1","20.78","16.28","14.48"
"55","2006","20","Telangana","Hyderabad","15.55","18.54","20.29","24.97","25.44","24.33","23.62","22.82","22.79","21.59","18.11","15.6"
"55","2007","20","Telangana","Hyderabad","16.22","18.19","21.5","24.62","27.43","23.52","23.62","22.96","22.11","21.05","17.21","16.26"
"55","2008","20","Telangana","Hyderabad","16.04","18.33","19.8","24.1","27.4","25.37","24.18","22.23","22.06","21.11","18.24","16.01"
"55","2009","20","Telangana","Hyderabad","16.62","20.14","21.32","25.97","27.22","26.32","24.38","24.06","23.38","21.03","18.7","15.85"
"55","2010","20","Telangana","Hyderabad","15.86","19.14","22.76","26.67","26.91","25.88","22.77","22.85","22.31","21.47","19.25","14.77"
"55","2011","20","Telangana","Hyderabad","14.92","17.92","21.2","23.86","26.68","25.01","23.64","22.58","23.04","21.97","18.6","15.78"
"55","2012","20","Telangana","Hyderabad","16.26","18.88","21.66","24.63","27.82","26.08","23.2","22.86","23.14","20.66","17.83","16.42"
"55","2013","20","Telangana","Hyderabad","17.2","18.34","21.5","25.15","27.81","23.15","22.17","22.69","22.57","20.9","17.47","14.42"
"55","2014","20","Telangana","Hyderabad","20.02","17.63","19.78","24.85","25.73","26.77","23.26","23.48","23.04","22.02","18.07","15.3"
"55","2015","20","Telangana","Hyderabad","20.02","17.63","19.78","24.85","25.73","26.77","23.26","23.48","23.04","22.02","19.7","17.54"
"56","1958","20","Telangana","Nizamabad","15.79","18.1","20.61","24.89","27.74","27.19","22.31","22.76","22.15","20.63","17.16","14.53"
"56","1959","20","Telangana","Nizamabad","16.64","18.45","20.95","24.6","27.82","24.79","21.72","22.2","21.96","21.21","16.32","14.15"
"56","1960","20","Telangana","Nizamabad","15.51","16.42","20.47","23.8","26.86","24.6","22.85","22.63","22.35","20.11","15.55","15.09"
"56","1961","20","Telangana","Nizamabad","15.93","16.44","21.7","24.64","26.55","23.91","22.11","22.39","21.37","19.71","15.75","13.14"
"56","1962","20","Telangana","Nizamabad","12.84","16.02","19.97","23.59","26.07","25.11","22.32","22.35","21.35","18.93","15.48","14.4"
"56","1963","20","Telangana","Nizamabad","13.81","16.04","19.97","22.51","26.32","23.67","22.37","21.75","21.76","20.44","16.91","14.08"
"56","1964","20","Telangana","Nizamabad","15.12","17.1","21.06","24.95","27.24","24.42","21.96","21.5","21.37","20.38","15.06","12.57"
"56","1965","20","Telangana","Nizamabad","15.3","16.94","19.97","23.17","26.85","24.73","22.24","22.52","21.71","19.89","15.68","14.72"
"56","1966","20","Telangana","Nizamabad","15.15","17.64","20.43","24.42","26.66","25.75","23.62","22.88","21.46","20.07","17.84","13.91"
"56","1967","20","Telangana","Nizamabad","14.99","16.8","20.61","23.66","27.04","25.27","22.77","22.42","21.82","19.64","15.41","16.78"
"56","1968","20","Telangana","Nizamabad","14.69","17.51","19.33","22.64","26.38","25.07","22.52","22.57","21.77","18.35","15.07","14.12"
"56","1969","20","Telangana","Nizamabad","15.94","19.12","22.67","25.08","26.89","25.45","22.1","22.12","21.72","20.53","17.46","13.29"
"56","1970","20","Telangana","Nizamabad","15.33","18.89","21.4","25.15","27.56","23.2","22.7","22.05","21.88","20.04","13.97","10.73"
"56","1971","20","Telangana","Nizamabad","15.22","17.99","20.07","25.11","26.26","23.49","23.41","22.67","22.55","19.69","14.89","12.92"
"56","1972","20","Telangana","Nizamabad","13.33","17.44","21.32","24.17","27.12","26.54","23.22","22.97","22.06","21.13","16.65","16.75"
"56","1973","20","Telangana","Nizamabad","17.35","19.9","22.59","26.63","29.12","25.59","22.2","22.03","22.51","19.7","15.24","13.82"
"56","1974","20","Telangana","Nizamabad","13.8","17.52","21.3","25.21","26.28","24.75","23.73","22.26","22.38","21.08","14.03","12.99"
"56","1975","20","Telangana","Nizamabad","13.57","17.25","20.66","25.1","27.73","24.33","22.32","22.57","21.32","21.58","14.43","11.13"
"56","1976","20","Telangana","Nizamabad","13.62","16.91","20.25","24.25","27.03","24.63","22.18","22.07","21.64","20.54","18.81","15.48"
"56","1977","20","Telangana","Nizamabad","15.25","18.34","22.24","25.21","26.69","25.13","23.01","22.55","22.2","20.03","19.55","14.14"
"56","1978","20","Telangana","Nizamabad","15.3","17.93","20.9","24.91","28.15","24.51","22.12","22.16","22.57","20.82","18.93","15.16"
"56","1979","20","Telangana","Nizamabad","17.53","17.68","20.32","24.95","26.07","26.46","24.07","22.99","22.63","22.43","19.96","15.96"
"56","1980","20","Telangana","Nizamabad","17.77","19.45","22.58","26.34","28.32","23.51","23.1","22.34","22.65","21.76","18.08","14.8"
"56","1981","20","Telangana","Nizamabad","15.45","18.43","20.67","25.21","27.47","25.86","23.07","22.48","22.23","20.99","16.09","14.77"
"56","1982","20","Telangana","Nizamabad","17.88","19.47","21.1","24.84","26.5","25.96","23.7","22.93","22.46","21.06","18.76","15.87"
"56","1983","20","Telangana","Nizamabad","15.63","19.04","22.68","24.75","27.82","26.93","23.6","23.22","22.28","20.83","14.7","14.18"
"56","1984","20","Telangana","Nizamabad","16.79","17.82","21.11","24.98","28.84","24.95","22.82","22.52","22.36","21.39","15.09","14.5"
"56","1985","20","Telangana","Nizamabad","16.81","17.91","22.2","25.31","28.11","24.51","22.65","22.43","22.71","19.43","15.26","14.91"
"56","1986","20","Telangana","Nizamabad","15.39","18.52","21.67","25.0","27.79","24.37","22.74","22.1","23.11","21.1","17.34","14.74"
"56","1987","20","Telangana","Nizamabad","16.23","17.49","20.71","25.08","25.92","25.77","22.96","22.94","23.44","20.85","17.67","14.74"
"56","1988","20","Telangana","Nizamabad","16.81","19.37","22.12","25.12","28.86","25.66","21.95","22.7","22.14","19.75","15.82","14.08"
"56","1989","20","Telangana","Nizamabad","15.09","16.83","20.66","24.44","27.74","24.28","22.43","22.24","22.02","20.18","16.89","14.12"
"56","1990","20","Telangana","Nizamabad","14.96","18.16","21.09","25.16","25.27","23.58","22.34","22.52","22.25","20.43","17.78","15.49"
"56","1991","20","Telangana","Nizamabad","15.24","18.78","21.77","24.88","28.25","24.64","22.87","22.2","22.88","20.36","16.28","13.78"
"56","1992","20","Telangana","Nizamabad","14.43","17.87","21.54","25.0","27.78","26.25","23.83","22.31","21.87","21.23","16.9","13.18"
"56","1993","20","Telangana","Nizamabad","15.71","16.49","20.83","24.8","28.31","26.89","23.29","22.75","22.42","21.72","17.16","13.13"
"56","1994","20","Telangana","Nizamabad","15.99","17.91","21.72","24.24","28.11","24.87","22.06","22.16","21.78","20.49","16.04","12.64"
"56","1995","20","Telangana","Nizamabad","13.61","18.06","20.99","23.54","25.96","26.72","22.96","23.19","22.54","20.7","16.26","14.63"
"56","1996","20","Telangana","Nizamabad","17.35","18.5","22.23","24.27","28.22","25.55","23.1","22.33","22.26","20.07","16.12","13.76"
"56","1997","20","Telangana","Nizamabad","14.15","16.21","20.65","22.73","26.79","25.68","23.38","22.93","22.22","20.2","19.49","17.18"
"56","1998","20","Telangana","Nizamabad","17.06","18.11","21.0","25.71","28.6","26.97","23.76","23.2","22.73","21.72","17.7","13.51"
"56","1999","20","Telangana","Nizamabad","14.38","18.97","21.75","26.32","26.7","24.56","22.99","22.57","21.82","20.44","16.35","13.15"
"56","2000","20","Telangana","Nizamabad","15.99","17.99","19.96","26.53","26.45","23.74","22.67","22.87","22.25","21.98","16.57","13.89"
"56","2001","20","Telangana","Nizamabad","16.15","19.14","21.12","24.18","28.52","24.73","23.37","22.21","22.92","20.56","17.62","14.42"
"56","2002","20","Telangana","Nizamabad","15.45","18.83","21.98","26.3","28.11","24.58","24.43","22.5","22.92","21.3","16.93","15.99"
"56","2003","20","Telangana","Nizamabad","16.53","19.89","21.7","25.83","29.11","26.98","22.89","22.92","23.04","21.02","17.26","14.54"
"56","2004","20","Telangana","Nizamabad","15.81","17.78","22.5","26.04","25.64","25.32","22.98","23.18","22.26","20.22","17.34","14.46"
"56","2005","20","Telangana","Nizamabad","16.01","18.14","21.34","24.93","28.21","27.51","22.49","22.77","22.19","20.51","15.1","13.42"
"56","2006","20","Telangana","Nizamabad","15.02","18.28","19.74","24.95","26.18","25.42","23.04","22.71","22.15","20.93","17.23","15.07"
"56","2007","20","Telangana","Nizamabad","15.77","17.94","21.38","24.85","28.28","24.38","23.71","23.12","22.2","20.41","16.31","15.6"
"56","2008","20","Telangana","Nizamabad","15.7","17.51","19.96","24.09","27.56","25.71","23.37","22.8","22.01","20.77","17.37","15.49"
"56","2009","20","Telangana","Nizamabad","16.76","19.86","21.45","26.01","28.05","27.39","23.89","23.96","23.43","20.78","17.92","15.48"
"56","2010","20","Telangana","Nizamabad","15.29","19.12","22.97","27.09","28.81","26.86","22.56","23.07","22.52","21.29","19.06","14.24"
"56","2011","20","Telangana","Nizamabad","14.5","17.68","21.21","23.31","27.48","25.6","22.89","22.87","22.59","21.45","17.69","15.01"
"56","2012","20","Telangana","Nizamabad","16.23","18.41","21.2","25.56","28.77","26.49","22.58","22.76","22.52","20.27","16.69","15.7"
"56","2013","20","Telangana","Nizamabad","16.64","17.94","21.45","25.2","28.95","23.71","22.23","22.49","22.8","20.65","16.63","13.98"
"56","2014","20","Telangana","Nizamabad","20.3","17.26","19.17","24.68","26.5","27.75","23.73","24.14","22.66","21.63","17.48","14.49"
"56","2015","20","Telangana","Nizamabad","20.3","17.26","19.17","24.68","26.5","27.75","23.73","24.14","22.66","21.63","19.14","17.48"
"57","1958","20","Telangana","Medak","15.95","18.44","20.7","24.58","27.03","26.16","21.7","21.88","21.67","20.44","17.45","14.85"
"57","1959","20","Telangana","Medak","16.85","18.8","20.98","24.35","27.09","23.73","21.17","21.47","21.5","21.03","16.61","14.45"
"57","1960","20","Telangana","Medak","15.91","16.6","20.73","23.59","26.17","23.66","22.28","22.03","21.78","19.99","15.97","15.27"
"57","1961","20","Telangana","Medak","16.06","16.95","21.79","24.42","25.8","22.93","21.53","21.59","20.98","19.64","15.99","13.63"
"57","1962","20","Telangana","Medak","13.19","16.27","20.07","23.39","25.43","24.1","21.75","21.5","20.8","18.89","15.67","14.67"
"57","1963","20","Telangana","Medak","14.06","16.11","20.08","22.36","25.68","22.65","21.75","20.95","21.27","20.19","17.06","14.4"
"57","1964","20","Telangana","Medak","15.37","17.39","21.09","24.63","26.67","23.44","21.37","20.69","20.71","20.11","15.4","12.83"
"57","1965","20","Telangana","Medak","15.36","17.16","20.09","22.95","26.06","23.71","21.65","21.72","21.2","19.73","16.03","15.14"
"57","1966","20","Telangana","Medak","15.47","17.83","20.67","24.24","26.11","24.7","22.91","22.2","20.93","19.76","18.05","14.26"
"57","1967","20","Telangana","Medak","15.23","16.9","20.72","23.59","26.43","24.34","22.11","21.68","21.29","19.39","15.56","17.08"
"57","1968","20","Telangana","Medak","14.96","17.92","19.53","22.55","25.83","24.04","21.92","21.98","21.11","18.16","15.43","14.54"
"57","1969","20","Telangana","Medak","15.91","18.96","22.36","24.87","26.17","24.42","21.54","21.43","21.21","20.17","17.39","13.57"
"57","1970","20","Telangana","Medak","15.55","19.11","21.55","24.88","26.78","22.34","22.12","21.23","21.38","19.84","14.42","11.0"
"57","1971","20","Telangana","Medak","15.47","18.37","20.13","24.55","25.8","22.48","22.82","22.07","21.86","19.29","15.2","13.27"
"57","1972","20","Telangana","Medak","13.49","17.84","21.3","24.02","26.52","25.62","22.66","22.37","21.66","21.11","16.95","16.71"
"57","1973","20","Telangana","Medak","17.32","19.87","22.41","26.37","28.48","24.6","21.79","21.28","22.11","19.46","15.48","14.16"
"57","1974","20","Telangana","Medak","14.11","17.89","21.31","25.03","25.7","23.72","23.14","21.57","21.68","20.86","14.46","13.33"
"57","1975","20","Telangana","Medak","13.93","17.68","20.8","24.88","27.13","23.34","21.75","21.85","20.75","21.3","14.82","11.46"
"57","1976","20","Telangana","Medak","13.76","17.05","20.38","24.05","26.4","23.82","21.58","21.28","21.22","20.34","18.92","15.7"
"57","1977","20","Telangana","Medak","15.42","18.59","22.16","25.0","26.1","24.16","22.45","21.85","21.82","19.82","19.74","14.44"
"57","1978","20","Telangana","Medak","15.72","18.23","21.11","24.77","27.39","23.54","21.53","21.45","21.93","20.64","19.1","15.63"
"57","1979","20","Telangana","Medak","17.75","18.19","20.54","24.77","25.55","25.43","23.49","22.32","22.02","22.18","20.13","16.32"
"57","1980","20","Telangana","Medak","17.97","19.76","22.66","26.04","27.67","22.67","22.57","21.62","22.09","21.51","18.25","15.21"
"57","1981","20","Telangana","Medak","15.82","18.71","20.84","25.01","26.92","24.73","22.62","21.7","21.67","20.8","16.54","15.17"
"57","1982","20","Telangana","Medak","18.02","19.91","21.41","24.71","25.95","24.88","23.07","22.21","21.89","20.85","19.06","16.01"
"57","1983","20","Telangana","Medak","15.9","19.65","22.93","24.66","27.26","25.96","22.99","22.42","21.63","20.75","15.16","14.65"
"57","1984","20","Telangana","Medak","17.12","18.35","21.17","24.73","28.23","24.02","22.2","21.92","21.93","21.19","15.49","14.84"
"57","1985","20","Telangana","Medak","17.05","18.36","22.23","25.16","27.44","23.48","22.01","21.73","22.25","19.3","15.6","15.23"
"57","1986","20","Telangana","Medak","15.56","18.77","21.79","24.82","27.23","23.36","22.31","21.37","22.56","20.96","17.6","15.13"
"57","1987","20","Telangana","Medak","16.5","17.7","20.75","24.88","25.34","24.75","22.31","22.12","22.91","20.64","17.9","15.16"
"57","1988","20","Telangana","Medak","16.88","19.61","22.29","24.83","28.17","24.71","21.39","21.85","21.55","19.69","16.25","14.46"
"57","1989","20","Telangana","Medak","15.42","17.16","20.83","24.3","27.14","23.35","21.8","21.52","21.5","20.02","17.11","14.51"
"57","1990","20","Telangana","Medak","15.07","18.57","21.39","24.95","24.62","22.7","21.91","21.77","21.8","20.27","18.05","15.83"
"57","1991","20","Telangana","Medak","15.67","19.05","21.94","24.78","27.58","23.63","22.24","21.48","22.37","20.14","16.57","14.1"
"57","1992","20","Telangana","Medak","14.56","18.26","21.61","24.8","27.14","25.12","23.12","21.55","21.43","21.06","17.29","13.45"
"57","1993","20","Telangana","Medak","15.88","16.8","21.1","24.61","27.61","25.84","22.72","22.05","21.92","21.48","17.54","13.47"
"57","1994","20","Telangana","Medak","16.16","18.35","21.9","24.12","27.46","24.03","21.57","21.52","21.39","20.29","16.21","12.86"
"57","1995","20","Telangana","Medak","14.01","18.44","21.19","23.46","25.24","25.61","22.31","22.42","22.04","20.4","16.52","14.84"
"57","1996","20","Telangana","Medak","17.48","18.69","22.21","24.03","27.57","24.51","22.53","21.62","21.75","19.91","16.37","14.11"
"57","1997","20","Telangana","Medak","14.48","16.57","20.72","22.65","26.29","24.89","22.88","22.19","21.78","20.1","19.69","17.68"
"57","1998","20","Telangana","Medak","17.45","18.59","21.26","25.55","28.0","25.94","23.23","22.44","22.22","21.4","17.96","13.84"
"57","1999","20","Telangana","Medak","14.69","19.26","21.9","26.04","25.97","23.63","22.44","21.9","21.37","20.29","16.61","13.55"
"57","2000","20","Telangana","Medak","16.24","18.47","20.07","26.19","25.94","22.77","22.12","22.01","21.75","21.73","16.8","14.24"
"57","2001","20","Telangana","Medak","16.27","19.38","21.28","24.22","27.92","23.89","22.98","21.44","22.37","20.36","18.08","14.74"
"57","2002","20","Telangana","Medak","15.7","18.91","22.13","26.15","27.09","23.54","23.79","21.81","22.86","21.2","17.24","16.02"
"57","2003","20","Telangana","Medak","16.67","19.96","21.7","25.75","28.93","26.26","22.74","22.41","22.42","21.18","17.67","14.85"
"57","2004","20","Telangana","Medak","15.95","18.07","22.5","25.48","24.93","24.39","22.48","22.58","22.01","20.18","17.62","14.8"
"57","2005","20","Telangana","Medak","16.33","18.68","21.62","24.66","27.43","26.04","21.76","22.0","21.42","20.37","15.59","14.02"
"57","2006","20","Telangana","Medak","15.38","18.5","20.13","25.0","25.53","24.09","22.62","21.99","21.83","20.99","17.54","15.3"
"57","2007","20","Telangana","Medak","16.09","18.09","21.54","24.65","27.59","23.39","23.04","22.43","21.51","20.56","16.64","15.93"
"57","2008","20","Telangana","Medak","15.95","18.05","19.9","24.11","27.3","24.95","23.24","21.86","21.33","20.63","17.67","15.76"
"57","2009","20","Telangana","Medak","16.72","20.06","21.39","25.92","27.47","26.23","23.42","23.38","22.8","20.66","18.18","15.67"
"57","2010","20","Telangana","Medak","15.68","19.23","22.92","26.81","27.57","25.64","22.03","22.34","21.75","21.1","18.95","14.52"
"57","2011","20","Telangana","Medak","14.84","17.9","21.3","23.59","26.87","24.71","22.66","22.04","22.14","21.5","18.02","15.38"
"57","2012","20","Telangana","Medak","16.36","18.76","21.5","24.95","28.0","25.72","22.29","22.12","22.24","20.27","17.23","16.12"
"57","2013","20","Telangana","Medak","17.09","18.27","21.62","25.14","28.13","22.79","21.52","21.99","22.07","20.47","16.92","14.2"
"57","2014","20","Telangana","Medak","20.11","17.54","19.56","24.66","25.89","26.63","22.81","23.1","22.19","21.61","17.6","14.86"
"57","2015","20","Telangana","Medak","20.11","17.54","19.56","24.66","25.89","26.63","22.81","23.1","22.19","21.61","19.32","17.48"
"58","1958","20","Telangana","Mahabubnagar","16.92","19.58","21.9","24.7","25.84","25.78","22.11","22.19","21.93","21.21","18.91","16.14"
"58","1959","20","Telangana","Mahabubnagar","17.5","19.65","21.46","24.4","25.84","23.49","21.67","21.77","21.96","21.62","18.2","15.86"
"58","1960","20","Telangana","Mahabubnagar","16.97","17.95","21.55","23.95","25.0","23.52","22.75","22.6","22.08","20.9","17.43","16.34"
"58","1961","20","Telangana","Mahabubnagar","17.26","18.52","22.48","24.52","24.95","22.9","21.88","21.95","21.35","20.39","17.59","15.32"
"58","1962","20","Telangana","Mahabubnagar","14.87","17.88","20.93","23.61","24.46","23.57","22.19","21.83","21.31","20.4","17.19","15.82"
"58","1963","20","Telangana","Mahabubnagar","15.59","17.12","21.15","22.74","24.72","22.77","22.3","21.36","21.73","20.9","18.58","15.92"
"58","1964","20","Telangana","Mahabubnagar","16.03","18.4","21.96","24.58","25.81","23.23","21.97","21.16","20.91","20.77","16.96","14.29"
"58","1965","20","Telangana","Mahabubnagar","16.06","18.36","20.98","23.14","24.94","23.39","21.78","21.89","21.64","21.0","18.14","16.81"
"58","1966","20","Telangana","Mahabubnagar","16.92","18.91","21.81","24.29","25.19","24.04","22.99","22.48","21.41","20.55","19.01","15.73"
"58","1967","20","Telangana","Mahabubnagar","16.19","17.65","21.26","23.81","25.49","24.01","22.08","21.72","21.55","20.26","16.9","17.76"
"58","1968","20","Telangana","Mahabubnagar","15.96","18.81","20.89","23.1","24.97","23.86","22.45","22.42","21.55","19.49","17.57","16.07"
"58","1969","20","Telangana","Mahabubnagar","16.25","19.39","22.59","24.81","25.05","24.03","21.98","22.04","21.42","20.82","18.65","16.25"
"58","1970","20","Telangana","Mahabubnagar","16.61","19.53","22.23","24.94","25.59","22.57","22.31","21.49","21.61","20.64","17.01","12.91"
"58","1971","20","Telangana","Mahabubnagar","16.58","18.8","20.98","24.02","24.63","22.4","22.8","22.24","22.08","20.31","16.36","14.88"
"58","1972","20","Telangana","Mahabubnagar","14.69","18.55","21.31","24.25","25.53","25.1","22.89","22.7","22.43","21.48","18.13","17.43"
"58","1973","20","Telangana","Mahabubnagar","16.36","19.41","22.0","26.02","26.82","24.2","22.6","21.62","22.29","21.05","17.36","15.87"
"58","1974","20","Telangana","Mahabubnagar","15.27","18.34","21.83","24.97","24.57","23.27","22.99","21.83","21.8","21.03","16.39","13.94"
"58","1975","20","Telangana","Mahabubnagar","15.18","18.79","21.8","24.69","25.81","23.22","21.8","22.19","21.06","21.46","16.73","13.38"
"58","1976","20","Telangana","Mahabubnagar","14.77","17.73","21.19","24.03","25.39","23.49","21.67","21.52","21.68","21.15","19.92","16.61"
"58","1977","20","Telangana","Mahabubnagar","15.84","19.29","22.54","24.93","25.13","23.95","22.63","21.97","22.18","20.96","20.55","15.8"
"58","1978","20","Telangana","Mahabubnagar","16.74","19.18","21.89","24.93","26.09","23.33","21.89","21.91","22.04","21.52","19.93","17.4"
"58","1979","20","Telangana","Mahabubnagar","18.37","19.72","21.84","25.03","25.02","25.02","23.57","22.81","22.39","22.35","20.98","17.64"
"58","1980","20","Telangana","Mahabubnagar","18.03","20.31","23.12","25.83","26.66","22.9","22.74","21.89","22.39","22.06","19.38","16.64"
"58","1981","20","Telangana","Mahabubnagar","17.11","19.41","21.81","25.13","25.94","24.4","22.95","22.02","22.08","21.68","18.23","16.48"
"58","1982","20","Telangana","Mahabubnagar","17.98","20.37","22.39","24.87","25.36","24.38","23.05","22.45","22.1","21.59","20.14","17.04"
"58","1983","20","Telangana","Mahabubnagar","16.75","20.51","23.95","24.79","26.26","25.33","23.18","22.47","21.67","21.29","16.98","16.36"
"58","1984","20","Telangana","Mahabubnagar","18.46","19.37","22.28","24.8","26.75","23.8","22.12","22.21","22.12","21.38","17.38","16.25"
"58","1985","20","Telangana","Mahabubnagar","18.03","19.4","22.83","25.29","26.2","23.16","22.04","21.92","22.36","20.14","17.49","16.74"
"58","1986","20","Telangana","Mahabubnagar","16.66","19.36","22.67","24.8","26.1","23.48","22.81","21.93","22.88","21.56","18.8","16.99"
"58","1987","20","Telangana","Mahabubnagar","17.34","18.41","21.52","25.09","24.86","24.34","22.61","22.23","23.07","21.45","19.18","16.98"
"58","1988","20","Telangana","Mahabubnagar","17.49","20.15","23.1","24.89","26.76","24.31","21.82","22.11","21.7","20.74","18.09","15.69"
"58","1989","20","Telangana","Mahabubnagar","16.48","17.9","21.6","24.5","25.83","23.13","22.01","21.65","21.76","21.0","18.57","16.01"
"58","1990","20","Telangana","Mahabubnagar","16.45","19.61","22.57","25.07","23.95","22.74","22.2","22.0","22.1","21.02","19.21","17.09"
"58","1991","20","Telangana","Mahabubnagar","17.18","19.85","22.59","24.91","26.27","23.37","22.42","21.82","22.51","21.17","18.07","15.59"
"58","1992","20","Telangana","Mahabubnagar","15.54","18.95","21.83","24.49","25.75","24.41","23.11","21.7","21.72","21.42","19.06","14.98"
"58","1993","20","Telangana","Mahabubnagar","16.61","17.88","21.85","24.41","26.09","24.93","22.75","22.09","21.85","21.79","19.09","15.55"
"58","1994","20","Telangana","Mahabubnagar","17.02","19.28","22.39","24.42","26.12","23.84","21.91","21.8","21.73","20.92","17.71","14.3"
"58","1995","20","Telangana","Mahabubnagar","15.51","19.22","21.86","23.96","24.32","24.88","22.48","22.55","22.17","20.9","18.5","16.02"
"58","1996","20","Telangana","Mahabubnagar","17.77","19.07","22.21","24.05","26.27","23.99","22.96","22.0","22.16","20.41","18.23","15.62"
"58","1997","20","Telangana","Mahabubnagar","15.88","17.85","21.46","23.28","25.47","24.67","23.33","22.5","22.17","21.01","20.65","18.96"
"58","1998","20","Telangana","Mahabubnagar","18.38","19.7","21.98","25.83","26.68","25.41","23.43","22.62","22.39","21.55","19.16","15.81"
"58","1999","20","Telangana","Mahabubnagar","15.75","19.7","22.35","25.48","24.78","23.28","22.66","22.23","21.58","21.22","18.27","15.18"
"58","2000","20","Telangana","Mahabubnagar","17.39","19.71","21.08","25.62","24.93","22.83","22.2","22.27","22.23","21.91","18.31","15.78"
"58","2001","20","Telangana","Mahabubnagar","17.17","20.12","22.51","24.4","27.12","23.99","23.86","22.47","22.74","21.02","19.79","16.2"
"58","2002","20","Telangana","Mahabubnagar","16.77","19.28","22.83","26.03","25.76","23.66","23.94","22.26","23.88","22.25","19.12","17.33"
"58","2003","20","Telangana","Mahabubnagar","17.63","20.45","22.71","26.09","28.55","26.52","23.11","22.66","22.84","21.78","19.23","16.29"
"58","2004","20","Telangana","Mahabubnagar","16.91","19.03","23.05","24.97","23.65","24.09","23.0","23.28","22.82","21.45","19.15","16.58"
"58","2005","20","Telangana","Mahabubnagar","17.74","19.95","22.68","24.81","26.67","25.47","22.31","22.32","22.04","21.41","17.64","15.97"
"58","2006","20","Telangana","Mahabubnagar","16.74","19.09","21.27","25.29","24.91","24.17","23.54","23.13","22.89","22.39","19.22","16.66"
"58","2007","20","Telangana","Mahabubnagar","17.22","18.88","22.59","24.83","26.57","23.09","23.22","22.39","21.43","21.5","18.25","17.37"
"58","2008","20","Telangana","Mahabubnagar","16.93","19.14","20.43","24.53","26.83","24.92","23.96","22.05","21.99","21.94","19.15","16.98"
"58","2009","20","Telangana","Mahabubnagar","17.24","20.63","22.2","26.07","26.35","24.65","23.94","23.85","22.54","21.64","19.54","16.88"
"58","2010","20","Telangana","Mahabubnagar","17.1","19.71","23.38","26.49","26.39","24.92","21.97","22.5","21.74","21.79","19.5","15.78"
"58","2011","20","Telangana","Mahabubnagar","15.97","18.53","22.06","24.28","26.08","24.62","23.79","22.61","23.23","22.83","19.65","17.27"
"58","2012","20","Telangana","Mahabubnagar","17.2","19.64","22.72","24.75","26.94","25.68","23.34","22.93","23.11","21.41","18.84","17.56"
"58","2013","20","Telangana","Mahabubnagar","18.17","19.22","22.45","25.4","26.91","22.99","21.73","22.49","22.11","21.72","18.5","15.64"
"58","2014","20","Telangana","Mahabubnagar","20.57","18.47","21.11","25.22","24.86","26.1","23.02","23.37","22.81","22.78","18.94","16.82"
"58","2015","20","Telangana","Mahabubnagar","20.57","18.47","21.11","25.22","24.86","26.1","23.02","23.37","22.81","22.78","20.46","18.6"
"59","1958","20","Telangana","Nalgonda","17.11","19.57","22.04","25.54","28.06","28.46","23.72","24.02","23.63","22.09","19.14","16.23"
"59","1959","20","Telangana","Nalgonda","17.61","19.82","21.81","25.31","28.09","25.89","23.37","23.68","23.58","22.6","18.33","15.81"
"59","1960","20","Telangana","Nalgonda","17.08","17.84","21.62","24.83","27.43","26.12","24.31","24.73","23.68","21.89","17.79","16.5"
"59","1961","20","Telangana","Nalgonda","17.33","18.48","22.84","25.57","27.2","25.39","23.5","23.85","22.98","21.49","17.67","15.16"
"59","1962","20","Telangana","Nalgonda","14.96","17.63","21.22","24.43","26.72","26.06","23.79","23.75","22.97","21.12","17.55","15.97"
"59","1963","20","Telangana","Nalgonda","15.35","17.23","21.32","23.54","27.01","25.31","23.95","23.4","23.57","22.03","18.82","16.02"
"59","1964","20","Telangana","Nalgonda","16.81","18.89","22.36","25.66","28.26","25.87","23.67","23.09","22.67","22.07","17.48","14.76"
"59","1965","20","Telangana","Nalgonda","16.53","18.54","21.29","24.07","27.33","26.33","23.71","24.05","23.36","22.01","18.35","16.92"
"59","1966","20","Telangana","Nalgonda","17.1","19.05","22.17","25.38","27.91","26.66","24.79","24.56","23.08","21.63","19.6","15.8"
"59","1967","20","Telangana","Nalgonda","16.63","18.11","21.34","24.77","27.72","26.52","23.97","23.75","23.33","21.3","17.38","17.85"
"59","1968","20","Telangana","Nalgonda","16.24","19.18","21.01","23.81","27.11","26.45","24.21","24.59","23.19","20.62","17.83","16.23"
"59","1969","20","Telangana","Nalgonda","16.71","19.75","23.15","25.92","26.88","26.66","23.61","23.97","23.23","21.75","19.08","15.71"
"59","1970","20","Telangana","Nalgonda","16.85","19.9","22.6","25.66","27.85","24.69","24.01","23.39","23.39","21.64","17.02","13.2"
"59","1971","20","Telangana","Nalgonda","16.78","19.37","21.14","24.83","26.53","24.42","24.58","24.27","23.66","21.5","16.94","14.8"
"59","1972","20","Telangana","Nalgonda","14.95","18.87","21.91","25.32","28.06","27.95","24.85","24.9","24.09","22.18","18.62","17.53"
"59","1973","20","Telangana","Nalgonda","17.61","20.11","22.77","27.06","29.37","26.92","24.27","23.79","24.16","21.88","17.75","15.93"
"59","1974","20","Telangana","Nalgonda","15.63","18.87","22.37","26.03","26.99","26.01","25.04","24.07","23.6","22.32","17.09","14.73"
"59","1975","20","Telangana","Nalgonda","15.52","19.11","22.23","25.82","28.53","25.75","23.68","24.24","22.68","22.66","17.0","13.69"
"59","1976","20","Telangana","Nalgonda","15.1","18.12","21.71","25.15","27.81","26.21","23.43","23.52","23.31","22.18","20.09","16.8"
"59","1977","20","Telangana","Nalgonda","16.37","19.46","22.78","25.68","27.15","26.52","24.54","24.0","23.95","21.8","20.81","16.03"
"59","1978","20","Telangana","Nalgonda","16.96","19.22","22.18","25.75","28.63","26.05","23.71","23.64","23.82","22.55","20.3","17.08"
"59","1979","20","Telangana","Nalgonda","18.36","19.76","21.96","25.96","27.09","27.46","25.51","24.88","23.99","23.39","21.07","17.62"
"59","1980","20","Telangana","Nalgonda","18.53","20.57","23.46","26.68","28.93","25.32","24.47","23.93","24.06","22.97","19.59","16.91"
"59","1981","20","Telangana","Nalgonda","17.08","19.64","21.95","26.17","28.12","27.06","24.68","23.96","23.58","22.57","18.5","16.57"
"59","1982","20","Telangana","Nalgonda","18.39","20.6","22.74","25.82","27.23","26.94","24.98","24.37","23.82","22.5","20.2","17.14"
"59","1983","20","Telangana","Nalgonda","17.09","20.92","24.1","25.96","28.32","27.9","24.94","24.5","23.35","22.36","17.57","16.28"
"59","1984","20","Telangana","Nalgonda","18.47","19.26","22.08","25.64","29.07","26.47","24.05","24.46","23.91","22.63","17.59","16.67"
"59","1985","20","Telangana","Nalgonda","18.17","19.63","23.17","26.38","28.55","25.8","23.87","24.1","24.06","21.24","17.73","16.75"
"59","1986","20","Telangana","Nalgonda","16.59","19.46","22.75","25.73","28.42","25.87","24.64","23.99","24.6","22.68","19.2","17.15"
"59","1987","20","Telangana","Nalgonda","17.5","18.46","21.63","25.99","26.73","27.27","24.55","24.41","24.9","22.55","19.44","16.89"
"59","1988","20","Telangana","Nalgonda","17.79","20.37","23.44","25.64","29.14","27.13","23.58","24.09","23.46","21.9","18.3","16.16"
"59","1989","20","Telangana","Nalgonda","16.76","18.4","21.72","25.57","28.38","25.74","23.78","23.91","23.47","22.22","18.85","16.09"
"59","1990","20","Telangana","Nalgonda","16.76","19.77","22.71","26.13","25.69","25.07","24.02","24.15","23.91","21.94","19.7","17.25"
"59","1991","20","Telangana","Nalgonda","17.51","20.14","23.04","25.88","28.5","25.66","24.29","23.99","24.26","22.22","18.15","15.8"
"59","1992","20","Telangana","Nalgonda","15.82","19.44","22.46","25.71","28.0","27.0","25.07","23.82","23.49","22.74","19.21","15.2"
"59","1993","20","Telangana","Nalgonda","17.18","18.25","22.26","25.64","28.38","27.62","24.74","24.41","23.83","22.94","19.17","15.47"
"59","1994","20","Telangana","Nalgonda","17.39","19.57","22.9","25.45","28.6","26.49","23.71","23.8","23.64","22.14","18.05","14.76"
"59","1995","20","Telangana","Nalgonda","15.76","19.45","22.34","24.89","26.24","27.58","24.22","24.66","23.98","22.18","19.11","16.41"
"59","1996","20","Telangana","Nalgonda","18.25","19.4","22.82","25.08","28.82","26.55","24.68","24.04","23.87","21.9","18.79","15.88"
"59","1997","20","Telangana","Nalgonda","16.11","18.35","22.0","23.99","27.72","27.48","25.18","24.7","23.89","22.09","21.01","19.01"
"59","1998","20","Telangana","Nalgonda","18.77","20.1","22.65","26.47","28.98","28.16","25.19","24.64","24.17","23.0","19.88","15.8"
"59","1999","20","Telangana","Nalgonda","16.2","20.06","23.0","26.94","27.21","26.0","24.57","24.32","23.51","22.42","18.83","15.61"
"59","2000","20","Telangana","Nalgonda","17.7","19.93","21.68","26.94","27.64","25.09","24.12","24.2","23.96","23.31","18.99","15.48"
"59","2001","20","Telangana","Nalgonda","17.44","20.24","22.54","25.09","29.5","25.95","25.57","23.97","23.98","22.14","19.73","15.86"
"59","2002","20","Telangana","Nalgonda","16.89","19.6","23.04","26.55","28.94","26.4","26.47","23.88","25.08","22.62","18.59","17.29"
"59","2003","20","Telangana","Nalgonda","17.65","20.51","22.7","26.9","30.77","29.15","24.97","24.72","24.51","22.45","19.07","16.15"
"59","2004","20","Telangana","Nalgonda","16.84","18.66","22.9","26.17","26.17","26.64","24.5","25.07","23.9","21.87","18.84","16.3"
"59","2005","20","Telangana","Nalgonda","17.81","19.87","22.86","25.61","28.36","28.24","23.89","24.76","23.62","22.32","17.64","15.73"
"59","2006","20","Telangana","Nalgonda","16.81","19.33","21.8","25.83","26.88","26.3","25.27","24.78","24.06","22.95","19.15","16.83"
"59","2007","20","Telangana","Nalgonda","17.3","19.1","22.5","25.47","29.32","25.44","24.85","24.48","23.37","22.33","18.23","17.58"
"59","2008","20","Telangana","Nalgonda","17.26","19.28","21.11","24.96","29.55","27.33","25.19","23.88","23.65","22.63","19.27","17.2"
"59","2009","20","Telangana","Nalgonda","17.71","20.82","22.38","26.92","28.57","28.23","25.86","25.8","24.62","22.71","19.77","16.96"
"59","2010","20","Telangana","Nalgonda","17.15","19.72","23.61","27.41","28.37","27.76","23.79","24.48","23.46","22.75","20.19","15.96"
"59","2011","20","Telangana","Nalgonda","15.92","18.72","22.21","25.1","28.46","27.3","24.89","24.19","24.48","23.31","19.49","17.25"
"59","2012","20","Telangana","Nalgonda","17.19","19.58","22.93","25.65","29.47","28.44","24.3","24.51","24.15","22.09","18.78","17.36"
"59","2013","20","Telangana","Nalgonda","18.08","19.18","22.34","26.11","29.12","25.11","23.46","24.27","23.84","22.46","18.78","15.71"
"59","2014","20","Telangana","Nalgonda","21.31","18.64","21.44","26.08","27.44","28.9","25.0","25.35","24.33","23.2","18.96","16.88"
"59","2015","20","Telangana","Nalgonda","21.31","18.64","21.44","26.08","27.44","28.9","25.0","25.35","24.33","23.2","20.19","18.49"
"60","1958","20","Telangana","Warangal","16.44","18.94","21.74","25.59","28.31","28.53","23.44","23.7","23.58","21.8","18.21","15.26"
"60","1959","20","Telangana","Warangal","16.93","19.21","21.78","25.36","28.33","25.81","23.1","23.33","23.47","22.36","17.34","14.78"
"60","1960","20","Telangana","Warangal","16.3","17.33","21.3","24.8","27.69","26.02","23.92","24.23","23.69","21.62","16.95","15.69"
"60","1961","20","Telangana","Warangal","16.54","17.66","22.66","25.58","27.36","25.23","23.13","23.51","22.87","21.19","16.64","13.97"
"60","1962","20","Telangana","Warangal","13.97","16.94","21.02","24.39","26.89","25.99","23.44","23.4","22.9","20.72","16.65","14.99"
"60","1963","20","Telangana","Warangal","14.54","16.92","21.13","23.5","27.2","25.17","23.55","23.08","23.53","21.89","17.99","14.95"
"60","1964","20","Telangana","Warangal","16.32","18.49","22.25","25.79","28.49","25.8","23.39","22.77","22.78","21.95","16.73","13.95"
"60","1965","20","Telangana","Warangal","16.07","18.08","21.1","24.16","27.6","26.33","23.56","23.82","23.36","21.76","17.38","15.87"
"60","1966","20","Telangana","Warangal","16.23","18.64","21.94","25.46","28.24","26.63","24.59","24.16","23.14","21.54","18.94","14.72"
"60","1967","20","Telangana","Warangal","15.99","17.86","21.13","24.68","28.0","26.5","23.87","23.48","23.35","21.17","16.67","17.01"
"60","1968","20","Telangana","Warangal","15.51","18.61","20.68","23.63","27.23","26.39","23.87","24.19","23.24","20.39","16.86","15.2"
"60","1969","20","Telangana","Warangal","16.43","19.3","23.12","25.94","27.03","26.57","23.26","23.55","23.27","21.67","18.56","14.44"
"60","1970","20","Telangana","Warangal","16.13","19.54","22.35","25.59","28.09","24.42","23.74","23.1","23.4","21.44","15.86","12.21"
"60","1971","20","Telangana","Warangal","16.16","18.98","21.04","24.62","26.35","24.37","24.4","23.8","23.76","21.36","16.34","14.05"
"60","1972","20","Telangana","Warangal","14.29","18.33","21.97","25.21","28.28","27.95","24.55","24.45","23.8","21.87","17.63","16.94"
"60","1973","20","Telangana","Warangal","17.22","20.38","23.02","27.18","29.71","26.93","23.79","23.45","24.11","21.42","16.93","14.87"
"60","1974","20","Telangana","Warangal","14.87","18.56","22.36","26.12","27.3","26.03","24.83","23.7","23.74","22.21","16.15","13.98"
"60","1975","20","Telangana","Warangal","14.73","18.5","22.04","25.89","28.85","25.66","23.45","23.86","22.68","22.58","16.02","12.65"
"60","1976","20","Telangana","Warangal","14.39","17.76","21.56","25.14","27.96","26.14","23.18","23.26","23.27","21.99","19.34","15.98"
"60","1977","20","Telangana","Warangal","15.87","18.99","22.78","25.6","27.24","26.45","24.23","23.72","23.81","21.44","19.96","14.96"
"60","1978","20","Telangana","Warangal","16.04","18.5","21.84","25.58","28.89","25.99","23.37","23.22","23.82","22.25","19.5","15.76"
"60","1979","20","Telangana","Warangal","17.54","18.87","21.52","25.87","27.07","27.43","25.25","24.41","23.95","23.25","20.19","16.42"
"60","1980","20","Telangana","Warangal","17.95","20.02","23.22","26.67","29.01","25.08","24.14","23.59","23.96","22.7","18.71","15.78"
"60","1981","20","Telangana","Warangal","16.05","19.11","21.59","26.08","28.17","26.98","24.28","23.61","23.52","22.25","17.46","15.43"
"60","1982","20","Telangana","Warangal","17.84","20.02","22.34","25.7","27.21","26.97","24.8","23.91","23.82","22.19","19.22","16.17"
"60","1983","20","Telangana","Warangal","16.34","20.17","23.56","25.9","28.39","27.94","24.67","24.18","23.4","22.13","16.53","15.04"
"60","1984","20","Telangana","Warangal","17.49","18.62","21.78","25.55","29.33","26.29","23.86","24.07","23.81","22.49","16.48","15.62"
"60","1985","20","Telangana","Warangal","17.36","18.93","22.99","26.32","28.77","25.74","23.63","23.73","23.95","20.96","16.66","15.68"
"60","1986","20","Telangana","Warangal","15.72","18.93","22.43","25.72","28.55","25.7","24.29","23.6","24.51","22.44","18.29","15.9"
"60","1987","20","Telangana","Warangal","16.68","17.98","21.34","25.9","26.65","27.28","24.29","24.16","24.89","22.27","18.53","15.69"
"60","1988","20","Telangana","Warangal","17.12","19.84","23.06","25.57","29.32","27.08","23.27","23.75","23.51","21.55","17.18","15.21"
"60","1989","20","Telangana","Warangal","15.96","17.96","21.44","25.53","28.65","25.66","23.58","23.62","23.47","21.93","17.89","14.96"
"60","1990","20","Telangana","Warangal","16.01","19.06","22.12","25.97","25.66","24.84","23.65","23.86","23.86","21.65","18.83","16.15"
"60","1991","20","Telangana","Warangal","16.57","19.62","22.81","25.75","28.64","25.58","24.05","23.63","24.24","21.89","17.17","14.65"
"60","1992","20","Telangana","Warangal","15.1","18.86","22.47","25.83","28.2","27.0","24.86","23.48","23.5","22.51","18.22","14.17"
"60","1993","20","Telangana","Warangal","16.58","17.71","21.95","25.67","28.62","27.65","24.55","24.14","23.88","22.82","18.11","14.2"
"60","1994","20","Telangana","Warangal","16.73","18.89","22.8","25.31","28.76","26.28","23.36","23.38","23.61","21.93","17.16","13.79"
"60","1995","20","Telangana","Warangal","14.85","18.84","22.07","24.74","26.27","27.67","23.96","24.42","24.0","22.05","18.02","15.47"
"60","1996","20","Telangana","Warangal","17.66","18.98","22.86","25.12","29.04","26.57","24.36","23.67","23.85","21.8","17.79","14.83"
"60","1997","20","Telangana","Warangal","15.19","17.7","21.84","23.67","27.75","27.35","24.8","24.33","23.85","21.87","20.12","17.79"
"60","1998","20","Telangana","Warangal","17.88","19.38","22.32","26.29","29.19","28.07","24.87","24.38","24.18","23.0","19.0","14.5"
"60","1999","20","Telangana","Warangal","15.38","19.65","22.85","27.14","27.39","25.92","24.31","23.92","23.48","22.19","17.83","14.54"
"60","2000","20","Telangana","Warangal","16.92","19.14","21.41","27.11","27.78","24.93","23.9","23.91","23.89","23.24","18.12","14.23"
"60","2001","20","Telangana","Warangal","16.57","19.51","22.05","24.83","29.73","25.54","24.8","23.37","24.03","22.1","18.79","14.57"
"60","2002","20","Telangana","Warangal","16.08","19.14","22.75","26.63","29.66","26.26","26.1","23.28","24.56","22.07","17.11","16.07"
"60","2003","20","Telangana","Warangal","16.71","19.99","22.04","26.71","30.98","28.86","23.94","23.96","24.21","21.93","17.84","14.86"
"60","2004","20","Telangana","Warangal","15.79","17.75","22.47","25.95","26.51","26.41","23.96","24.21","23.86","21.57","17.74","14.9"
"60","2005","20","Telangana","Warangal","16.84","19.08","22.43","25.68","28.32","28.74","23.65","24.43","23.73","22.25","16.48","14.34"
"60","2006","20","Telangana","Warangal","15.7","18.82","21.36","25.77","26.72","26.31","24.75","24.2","23.74","22.55","18.13","15.79"
"60","2007","20","Telangana","Warangal","16.4","18.48","22.22","25.39","29.71","25.65","24.76","24.26","23.54","21.76","17.14","16.66"
"60","2008","20","Telangana","Warangal","16.48","18.63","21.01","24.68","29.84","26.55","24.47","23.73","23.71","22.32","18.42","16.39"
"60","2009","20","Telangana","Warangal","17.34","20.49","22.14","26.97","28.74","28.69","25.04","25.31","24.93","22.27","18.84","15.88"
"60","2010","20","Telangana","Warangal","15.98","19.19","23.41","27.6","28.76","27.99","23.45","24.33","23.43","22.22","19.67","14.89"
"60","2011","20","Telangana","Warangal","14.89","18.03","21.91","24.86","28.65","27.18","24.12","23.78","24.0","22.82","18.24","16.0"
"60","2012","20","Telangana","Warangal","16.5","18.92","22.43","25.74","29.61","28.36","23.42","23.85","23.63","21.57","17.58","15.81"
"60","2013","20","Telangana","Warangal","16.89","18.52","21.99","25.88","29.52","24.64","23.03","23.74","24.18","22.17","17.86","14.64"
"60","2014","20","Telangana","Warangal","20.77","18.17","21.05","26.07","27.3","28.9","25.24","25.24","24.07","22.62","17.75","15.33"
"60","2015","20","Telangana","Warangal","20.77","18.17","21.05","26.07","27.3","28.9","25.24","25.24","24.07","22.62","19.04","17.42"
"61","1958","20","Telangana","Khammam","16.61","18.88","22.4","25.82","28.0","28.79","24.18","23.57","23.45","21.91","19.01","15.65"
"61","1959","20","Telangana","Khammam","16.57","19.36","22.39","26.07","27.88","25.34","24.16","23.82","23.89","22.53","18.34","15.18"
"61","1960","20","Telangana","Khammam","16.9","18.64","21.32","25.56","27.12","25.6","24.31","25.02","23.71","22.56","18.47","16.39"
"61","1961","20","Telangana","Khammam","16.67","17.75","23.05","25.82","26.59","25.11","23.28","23.79","23.11","21.26","17.24","14.52"
"61","1962","20","Telangana","Khammam","14.47","17.75","21.67","24.36","26.76","25.56","23.89","23.38","23.22","21.95","17.45","15.01"
"61","1963","20","Telangana","Khammam","15.96","18.5","22.64","24.29","27.68","25.45","24.15","23.52","24.38","22.73","19.31","16.01"
"61","1964","20","Telangana","Khammam","17.56","19.82","23.54","26.6","29.18","25.53","24.37","24.15","23.32","23.24","19.09","16.07"
"61","1965","20","Telangana","Khammam","17.97","19.88","22.24","24.91","27.13","26.09","24.57","24.49","24.59","23.9","19.63","17.58"
"61","1966","20","Telangana","Khammam","17.82","20.11","23.73","26.4","29.75","25.77","24.57","24.48","24.25","23.35","20.17","15.42"
"61","1967","20","Telangana","Khammam","16.76","18.88","20.78","24.85","28.16","26.75","24.09","23.92","23.74","22.23","18.06","16.91"
"61","1968","20","Telangana","Khammam","15.94","19.04","21.79","24.39","27.23","26.46","24.12","24.78","23.73","21.94","18.36","16.09"
"61","1969","20","Telangana","Khammam","16.6","19.3","22.94","26.26","26.29","26.48","23.78","24.49","23.64","22.12","19.21","15.21"
"61","1970","20","Telangana","Khammam","16.29","19.41","22.47","25.1","27.7","24.52","23.84","23.38","23.85","22.28","17.45","13.69"
"61","1971","20","Telangana","Khammam","16.41","19.25","21.39","24.05","25.87","24.4","24.47","24.08","24.02","22.07","17.12","14.92"
"61","1972","20","Telangana","Khammam","15.51","18.46","22.17","25.16","28.23","28.03","24.93","24.71","24.41","22.3","18.4","17.59"
"61","1973","20","Telangana","Khammam","17.29","20.34","22.93","26.85","28.68","27.12","24.18","23.92","24.36","22.17","17.91","15.53"
"61","1974","20","Telangana","Khammam","16.02","19.35","22.76","26.04","27.26","26.17","24.86","24.37","24.07","22.11","18.02","14.72"
"61","1975","20","Telangana","Khammam","15.55","18.82","22.52","25.65","28.5","25.57","23.66","24.06","23.02","22.52","17.51","14.3"
"61","1976","20","Telangana","Khammam","15.15","18.21","22.27","25.3","28.0","26.29","23.36","23.47","24.02","22.92","19.84","16.29"
"61","1977","20","Telangana","Khammam","15.99","19.04","22.68","24.86","26.54","26.62","24.52","23.87","24.48","22.53","19.87","15.63"
"61","1978","20","Telangana","Khammam","16.36","18.23","21.75","25.56","28.69","25.88","23.5","23.14","24.04","23.02","19.82","16.26"
"61","1979","20","Telangana","Khammam","17.24","18.95","22.06","26.43","27.6","27.35","25.49","25.0","24.22","23.38","19.8","16.63"
"61","1980","20","Telangana","Khammam","17.52","20.01","22.74","26.29","28.38","25.23","24.27","23.9","24.14","22.82","18.76","16.38"
"61","1981","20","Telangana","Khammam","16.08","19.31","21.75","25.98","27.55","26.65","24.34","23.76","23.76","22.84","18.43","15.96"
"61","1982","20","Telangana","Khammam","17.46","19.87","22.47","25.47","26.89","26.75","24.98","23.95","24.07","22.72","19.13","16.22"
"61","1983","20","Telangana","Khammam","16.79","19.73","23.14","25.93","27.82","27.84","24.63","24.14","23.32","22.47","18.02","15.81"
"61","1984","20","Telangana","Khammam","17.73","19.16","22.16","25.47","28.82","26.22","23.93","24.56","24.08","22.75","17.59","16.55"
"61","1985","20","Telangana","Khammam","17.55","19.38","22.99","26.61","28.65","25.54","23.79","24.07","24.09","21.58","17.89","16.4"
"61","1986","20","Telangana","Khammam","15.79","18.7","22.9","25.79","28.1","26.05","24.75","24.36","24.66","23.09","19.14","16.97"
"61","1987","20","Telangana","Khammam","17.04","18.26","21.42","25.99","26.74","27.43","24.76","24.61","25.32","22.94","19.1","16.43"
"61","1988","20","Telangana","Khammam","17.29","19.55","22.83","25.44","28.25","27.2","23.63","24.07","24.12","22.67","18.13","16.23"
"61","1989","20","Telangana","Khammam","16.83","18.82","21.43","26.21","28.54","25.58","24.13","23.88","23.74","22.84","18.52","15.42"
"61","1990","20","Telangana","Khammam","17.13","18.99","21.85","25.74","24.98","24.7","23.96","24.07","23.99","21.91","19.44","16.51"
"61","1991","20","Telangana","Khammam","17.43","19.89","23.14","25.5","27.48","25.31","24.14","23.98","24.45","22.47","17.76","15.02"
"61","1992","20","Telangana","Khammam","15.32","18.72","22.77","26.05","27.6","26.77","25.1","23.69","24.15","22.73","19.15","14.8"
"61","1993","20","Telangana","Khammam","16.92","18.74","22.16","25.59","27.85","27.34","24.59","24.33","23.81","23.05","18.46","14.98"
"61","1994","20","Telangana","Khammam","17.08","19.16","23.12","25.3","28.37","26.23","23.55","23.59","24.17","22.44","18.15","14.8"
"61","1995","20","Telangana","Khammam","15.47","18.89","22.56","25.42","25.59","27.48","24.09","24.84","24.46","22.67","19.48","16.41"
"61","1996","20","Telangana","Khammam","17.72","19.37","22.86","25.1","28.88","26.59","24.64","24.04","24.11","22.73","18.96","15.47"
"61","1997","20","Telangana","Khammam","15.82","18.72","22.48","23.22","27.62","27.77","24.93","24.78","24.33","22.84","20.28","17.94"
"61","1998","20","Telangana","Khammam","18.01","19.74","22.84","26.15","29.11","27.73","25.09","24.62","24.34","23.11","19.68","14.98"
"61","1999","20","Telangana","Khammam","15.91","19.84","23.14","27.27","26.87","25.91","24.55","24.09","23.93","23.02","18.76","15.63"
"61","2000","20","Telangana","Khammam","17.27","19.05","22.27","26.74","27.76","24.84","24.28","23.77","24.59","23.38","19.05","14.7"
"61","2001","20","Telangana","Khammam","16.88","19.52","22.44","24.78","29.12","25.44","25.18","23.7","24.36","22.79","19.52","15.05"
"61","2002","20","Telangana","Khammam","16.36","19.2","22.84","26.1","29.57","26.44","26.55","23.51","25.02","22.47","17.73","16.22"
"61","2003","20","Telangana","Khammam","16.79","19.9","22.14","26.37","30.7","28.57","23.95","24.2","24.52","22.41","18.56","15.47"
"61","2004","20","Telangana","Khammam","15.98","17.8","22.45","25.7","26.37","26.1","24.25","24.45","24.25","22.08","18.24","15.46"
"61","2005","20","Telangana","Khammam","17.18","19.25","22.64","25.45","27.63","28.51","24.1","24.74","24.07","22.74","17.55","15.41"
"61","2006","20","Telangana","Khammam","16.19","18.85","21.98","25.57","26.34","26.2","25.15","24.41","24.0","23.11","18.89","16.32"
"61","2007","20","Telangana","Khammam","16.61","18.52","22.36","25.23","29.34","25.71","25.0","24.47","23.86","22.3","18.08","17.16"
"61","2008","20","Telangana","Khammam","16.79","18.78","21.34","24.68","29.79","26.21","24.48","23.95","24.19","23.01","19.16","16.89"
"61","2009","20","Telangana","Khammam","17.54","20.29","22.22","26.71","28.21","28.27","25.01","25.55","25.17","23.01","19.6","16.36"
"61","2010","20","Telangana","Khammam","16.6","19.04","23.21","27.13","28.25","27.36","23.6","24.64","23.66","22.68","20.17","15.52"
"61","2011","20","Telangana","Khammam","15.44","18.23","22.06","24.88","28.31","27.01","24.34","24.07","24.5","23.51","18.81","16.82"
"61","2012","20","Telangana","Khammam","16.77","18.94","22.75","25.57","28.98","28.46","23.52","23.95","23.83","22.37","18.33","16.39"
"61","2013","20","Telangana","Khammam","17.15","18.79","22.04","25.68","28.76","24.73","23.22","24.2","24.6","22.73","18.8","15.45"
"61","2014","20","Telangana","Khammam","20.82","18.4","21.81","25.98","27.25","28.81","25.5","25.34","24.36","23.02","18.36","15.96"
"61","2015","20","Telangana","Khammam","20.82","18.4","21.81","25.98","27.25","28.81","25.5","25.34","24.36","23.02","19.35","17.66"
"62","1958","20","Telangana","Karimnagar","15.89","18.35","21.15","25.72","28.73","28.68","23.47","23.89","23.53","21.64","17.54","14.64"
"62","1959","20","Telangana","Karimnagar","16.62","18.59","21.37","25.41","28.69","26.1","22.96","23.32","23.34","22.28","16.66","14.11"
"62","1960","20","Telangana","Karimnagar","15.56","16.52","20.91","24.67","27.94","26.13","23.95","23.95","23.7","21.22","16.07","15.13"
"62","1961","20","Telangana","Karimnagar","16.02","16.77","22.2","25.5","27.64","25.33","23.23","23.52","22.73","20.84","16.0","13.12"
"62","1962","20","Telangana","Karimnagar","13.03","16.12","20.46","24.42","27.11","26.32","23.49","23.47","22.73","20.02","15.9","14.47"
"62","1963","20","Telangana","Karimnagar","13.8","16.17","20.46","23.32","27.27","25.14","23.46","22.98","23.23","21.55","17.36","14.14"
"62","1964","20","Telangana","Karimnagar","15.47","17.51","21.64","25.8","28.46","25.85","23.2","22.67","22.73","21.57","15.72","12.91"
"62","1965","20","Telangana","Karimnagar","15.42","17.24","20.5","24.06","27.89","26.35","23.52","23.74","23.08","21.07","16.22","14.93"
"62","1966","20","Telangana","Karimnagar","15.34","17.85","21.11","25.33","28.05","26.99","24.79","24.04","22.92","21.16","18.41","13.99"
"62","1967","20","Telangana","Karimnagar","15.19","17.09","20.89","24.5","28.14","26.66","23.99","23.56","23.24","20.79","15.89","16.82"
"62","1968","20","Telangana","Karimnagar","14.87","17.88","19.98","23.47","27.36","26.49","23.76","23.91","23.11","19.65","15.8","14.33"
"62","1969","20","Telangana","Karimnagar","16.13","19.18","23.22","25.88","27.45","26.73","23.23","23.32","23.18","21.75","18.06","13.59"
"62","1970","20","Telangana","Karimnagar","15.47","19.09","21.9","25.85","28.48","24.52","23.8","23.19","23.29","21.14","14.64","11.07"
"62","1971","20","Telangana","Karimnagar","15.55","18.23","20.54","25.28","26.82","24.69","24.51","23.7","23.8","20.91","15.59","13.24"
"62","1972","20","Telangana","Karimnagar","13.44","17.68","21.65","25.07","28.38","28.02","24.46","24.18","23.44","21.71","17.04","16.43"
"62","1973","20","Telangana","Karimnagar","17.03","20.08","23.06","27.4","30.18","27.07","23.53","23.29","24.02","20.96","16.02","14.1"
"62","1974","20","Telangana","Karimnagar","13.95","17.82","21.9","26.17","27.45","26.2","24.9","23.5","23.77","22.2","14.91","13.23"
"62","1975","20","Telangana","Karimnagar","13.81","17.63","21.39","25.95","28.99","25.8","23.5","23.82","22.63","22.65","15.11","11.48"
"62","1976","20","Telangana","Karimnagar","13.74","17.12","20.81","25.14","28.12","26.15","23.26","23.22","23.07","21.64","19.2","15.55"
"62","1977","20","Telangana","Karimnagar","15.37","18.54","22.6","25.89","27.63","26.54","24.2","23.71","23.59","21.05","19.89","14.25"
"62","1978","20","Telangana","Karimnagar","15.4","18.07","21.42","25.68","29.21","26.11","23.33","23.28","23.88","21.94","19.25","15.16"
"62","1979","20","Telangana","Karimnagar","17.41","18.02","20.88","25.82","27.05","27.76","25.32","24.28","23.97","23.39","20.25","15.97"
"62","1980","20","Telangana","Karimnagar","17.8","19.6","23.06","27.04","29.29","24.99","24.25","23.56","23.94","22.67","18.39","15.03"
"62","1981","20","Telangana","Karimnagar","15.51","18.61","21.14","26.14","28.49","27.32","24.26","23.66","23.53","22.08","16.68","14.84"
"62","1982","20","Telangana","Karimnagar","17.82","19.6","21.73","25.75","27.42","27.33","24.92","23.99","23.75","22.0","19.07","15.83"
"62","1983","20","Telangana","Karimnagar","15.74","19.48","23.3","25.74","28.71","28.25","24.69","24.36","23.52","21.94","15.44","14.29"
"62","1984","20","Telangana","Karimnagar","16.97","18.0","21.46","25.74","29.76","26.4","23.98","23.81","23.68","22.42","15.61","14.71"
"62","1985","20","Telangana","Karimnagar","16.86","18.14","22.67","26.28","29.08","25.96","23.73","23.63","23.93","20.55","15.75","14.98"
"62","1986","20","Telangana","Karimnagar","15.32","18.59","22.04","25.78","28.8","25.7","24.04","23.38","24.39","22.1","17.67","14.94"
"62","1987","20","Telangana","Karimnagar","16.21","17.49","21.03","25.91","26.74","27.31","24.17","24.11","24.75","21.97","18.03","14.88"
"62","1988","20","Telangana","Karimnagar","16.76","19.44","22.7","25.84","29.74","27.14","23.13","23.77","23.47","20.97","16.35","14.31"
"62","1989","20","Telangana","Karimnagar","15.18","17.12","21.09","25.37","28.84","25.74","23.62","23.55","23.39","21.42","17.28","14.19"
"62","1990","20","Telangana","Karimnagar","15.16","18.41","21.63","25.99","26.02","24.95","23.54","23.78","23.68","21.47","18.29","15.56"
"62","1991","20","Telangana","Karimnagar","15.58","19.05","22.35","25.75","29.11","25.9","24.12","23.45","24.14","21.51","16.57","13.91"
"62","1992","20","Telangana","Karimnagar","14.48","18.19","22.07","25.91","28.63","27.48","24.96","23.49","23.27","22.34","17.42","13.31"
"62","1993","20","Telangana","Karimnagar","15.9","16.81","21.4","25.73","29.1","28.08","24.56","24.04","23.85","22.77","17.58","13.34"
"62","1994","20","Telangana","Karimnagar","16.13","18.17","22.28","25.2","29.05","26.34","23.25","23.31","23.29","21.59","16.51","12.85"
"62","1995","20","Telangana","Karimnagar","13.9","18.25","21.54","24.48","26.72","27.98","24.09","24.32","23.9","21.79","16.98","14.69"
"62","1996","20","Telangana","Karimnagar","17.3","18.5","22.61","25.14","29.22","26.85","24.33","23.54","23.71","21.37","16.83","13.94"
"62","1997","20","Telangana","Karimnagar","14.34","16.63","21.22","23.63","27.82","27.26","24.7","24.18","23.65","21.32","19.83","17.27"
"62","1998","20","Telangana","Karimnagar","17.2","18.46","21.55","26.38","29.53","28.31","24.89","24.39","24.16","22.91","18.34","13.66"
"62","1999","20","Telangana","Karimnagar","14.55","19.11","22.31","27.32","27.75","26.05","24.28","23.8","23.28","21.73","16.97","13.43"
"62","2000","20","Telangana","Karimnagar","16.19","18.35","20.62","27.4","27.76","25.08","23.91","24.02","23.66","23.15","17.24","13.79"
"62","2001","20","Telangana","Karimnagar","16.05","19.14","21.51","24.88","29.96","25.83","24.47","23.3","24.09","21.77","18.2","14.11"
"62","2002","20","Telangana","Karimnagar","15.57","18.76","22.33","27.06","29.64","26.21","25.85","23.36","24.29","22.14","16.87","15.77"
"62","2003","20","Telangana","Karimnagar","16.31","19.68","21.71","26.71","30.71","28.65","23.78","23.8","24.18","21.75","17.35","14.25"
"62","2004","20","Telangana","Karimnagar","15.4","17.4","22.38","26.42","26.78","26.77","23.91","24.17","23.79","21.48","17.51","14.4"
"62","2005","20","Telangana","Karimnagar","16.18","18.44","21.96","25.97","29.01","29.23","23.57","24.3","23.67","21.93","15.67","13.4"
"62","2006","20","Telangana","Karimnagar","14.99","18.38","20.42","25.89","27.0","26.94","24.5","23.94","23.52","22.31","17.63","15.29"
"62","2007","20","Telangana","Karimnagar","15.87","18.04","21.8","25.61","29.77","25.8","24.79","24.23","23.45","21.38","16.71","15.89"
"62","2008","20","Telangana","Karimnagar","15.86","17.82","20.52","24.8","29.29","26.6","24.29","23.79","23.44","22.02","17.96","15.8"
"62","2009","20","Telangana","Karimnagar","16.95","20.12","21.92","27.04","28.85","28.95","25.0","25.18","24.94","21.82","18.22","15.39"
"62","2010","20","Telangana","Karimnagar","15.15","18.97","23.32","28.01","29.44","28.54","23.5","24.25","23.49","22.09","19.39","14.3"
"62","2011","20","Telangana","Karimnagar","14.39","17.64","21.64","24.45","28.65","27.11","24.0","23.85","23.76","22.57","17.92","15.1"
"62","2012","20","Telangana","Karimnagar","16.12","18.4","21.78","26.13","29.81","28.09","23.42","23.77","23.52","21.25","16.92","15.15"
"62","2013","20","Telangana","Karimnagar","16.3","17.89","21.66","25.87","30.13","24.78","23.22","23.52","24.14","21.79","17.17","14.01"
"62","2014","20","Telangana","Karimnagar","20.38","17.48","19.95","25.86","27.28","28.9","25.19","25.4","23.89","22.52","17.45","14.38"
"62","2015","20","Telangana","Karimnagar","20.38","17.48","19.95","25.86","27.28","28.9","25.19","25.4","23.89","22.52","19.04","17.2"
"63","1958","20","Telangana","Adilabad","15.24","17.76","20.69","25.57","28.77","28.6","23.3","23.82","23.04","20.91","16.48","13.79"
"63","1959","20","Telangana","Adilabad","15.91","17.9","21.03","25.1","28.68","26.1","22.71","23.12","22.88","21.68","15.65","13.35"
"63","1960","20","Telangana","Adilabad","14.58","16.07","20.43","24.34","27.94","26.06","23.75","23.5","23.35","20.48","14.93","14.42"
"63","1961","20","Telangana","Adilabad","15.38","15.99","21.81","25.12","27.68","25.24","23.04","23.35","22.23","20.11","14.99","12.23"
"63","1962","20","Telangana","Adilabad","12.17","15.49","19.98","24.18","27.06","26.34","23.31","23.33","22.31","19.17","14.96","13.77"
"63","1963","20","Telangana","Adilabad","12.99","15.79","19.92","22.96","27.11","24.95","23.22","22.78","22.71","20.9","16.5","13.35"
"63","1964","20","Telangana","Adilabad","14.63","16.86","21.26","25.61","28.31","25.79","22.99","22.54","22.48","20.99","14.68","12.15"
"63","1965","20","Telangana","Adilabad","14.75","16.65","20.06","23.76","28.01","26.25","23.36","23.56","22.62","20.34","15.13","13.99"
"63","1966","20","Telangana","Adilabad","14.51","17.37","20.5","24.94","27.8","26.92","24.73","23.77","22.56","20.63","17.56","13.23"
"63","1967","20","Telangana","Adilabad","14.39","16.68","20.47","24.04","28.04","26.5","23.83","23.37","22.79","20.24","15.02","16.11"
"63","1968","20","Telangana","Adilabad","14.1","17.17","19.5","23.01","27.17","26.35","23.49","23.49","22.82","18.95","14.79","13.47"
"63","1969","20","Telangana","Adilabad","15.52","19.05","23.22","25.42","27.49","26.55","22.96","22.97","22.73","21.21","17.43","12.94"
"63","1970","20","Telangana","Adilabad","14.73","18.47","21.34","25.67","28.58","24.32","23.63","23.07","22.86","20.53","13.52","10.28"
"63","1971","20","Telangana","Adilabad","14.78","17.4","20.13","25.18","26.55","24.39","24.09","23.56","23.58","20.5","14.62","12.39"
"63","1972","20","Telangana","Adilabad","12.75","16.95","21.21","24.64","28.24","27.87","24.18","23.69","22.82","21.19","16.09","15.81"
"63","1973","20","Telangana","Adilabad","16.43","19.34","22.7","27.2","30.25","26.96","23.14","23.05","23.5","20.36","15.19","13.36"
"63","1974","20","Telangana","Adilabad","13.05","17.13","21.57","25.88","27.33","26.14","24.67","23.15","23.49","21.63","13.76","12.44"
"63","1975","20","Telangana","Adilabad","12.9","16.91","20.87","25.71","28.9","25.7","23.28","23.54","22.3","22.13","14.04","10.6"
"63","1976","20","Telangana","Adilabad","13.09","16.58","20.3","24.8","28.0","25.93","23.13","23.05","22.58","21.01","18.49","14.95"
"63","1977","20","Telangana","Adilabad","14.67","18.0","22.38","25.7","27.58","26.39","23.96","23.47","23.03","20.42","19.05","13.46"
"63","1978","20","Telangana","Adilabad","14.54","17.44","20.9","25.37","29.24","26.0","23.09","23.06","23.57","21.28","18.43","14.26"
"63","1979","20","Telangana","Adilabad","16.7","17.18","20.34","25.48","26.86","27.76","25.04","23.98","23.7","22.92","19.54","15.19"
"63","1980","20","Telangana","Adilabad","17.1","19.05","22.67","26.91","29.28","24.77","24.03","23.36","23.6","22.17","17.55","14.23"
"63","1981","20","Telangana","Adilabad","14.72","18.09","20.75","25.92","28.42","27.44","23.97","23.53","23.26","21.5","15.6","13.99"
"63","1982","20","Telangana","Adilabad","17.23","18.85","21.05","25.43","27.27","27.34","24.79","23.75","23.41","21.43","18.17","15.27"
"63","1983","20","Telangana","Adilabad","14.93","18.64","22.75","25.26","28.61","28.19","24.48","24.23","23.25","21.18","14.24","13.41"
"63","1984","20","Telangana","Adilabad","16.06","17.2","21.13","25.53","29.74","26.27","23.88","23.38","23.18","21.84","14.62","13.87"
"63","1985","20","Telangana","Adilabad","16.1","17.44","22.4","25.92","29.11","25.92","23.58","23.29","23.49","19.82","14.71","14.28"
"63","1986","20","Telangana","Adilabad","14.67","18.04","21.63","25.54","28.68","25.64","23.67","23.15","24.02","21.42","16.74","14.02"
"63","1987","20","Telangana","Adilabad","15.4","17.04","20.7","25.59","26.64","27.22","24.0","23.93","24.32","21.37","17.1","13.98"
"63","1988","20","Telangana","Adilabad","16.18","18.98","22.3","25.74","29.81","27.02","22.88","23.66","23.14","20.21","15.32","13.46"
"63","1989","20","Telangana","Adilabad","14.31","16.48","20.66","24.96","28.79","25.6","23.45","23.31","23.06","20.76","16.42","13.4"
"63","1990","20","Telangana","Adilabad","14.52","17.77","21.04","25.67","26.05","24.73","23.2","23.58","23.21","20.89","17.28","14.79"
"63","1991","20","Telangana","Adilabad","14.56","18.52","21.9","25.4","29.16","25.94","24.0","23.14","23.77","20.92","15.66","13.18"
"63","1992","20","Telangana","Adilabad","13.87","17.5","21.72","25.69","28.64","27.62","24.9","23.35","22.75","21.66","16.35","12.66"
"63","1993","20","Telangana","Adilabad","15.18","16.26","20.81","25.44","29.18","28.12","24.35","23.75","23.39","22.19","16.64","12.58"
"63","1994","20","Telangana","Adilabad","15.47","17.44","21.82","24.73","29.02","26.08","22.88","23.0","22.76","20.97","15.6","12.15"
"63","1995","20","Telangana","Adilabad","12.98","17.58","20.92","23.99","26.8","28.03","23.95","24.1","23.5","21.31","15.95","13.97"
"63","1996","20","Telangana","Adilabad","16.62","18.08","22.32","24.93","29.19","26.97","24.17","23.27","23.31","20.7","15.86","13.15"
"63","1997","20","Telangana","Adilabad","13.52","15.92","20.83","23.3","27.62","26.94","24.34","23.92","23.21","20.54","18.93","16.22"
"63","1998","20","Telangana","Adilabad","16.24","17.66","20.84","26.1","29.49","28.26","24.68","24.21","23.8","22.43","17.34","12.97"
"63","1999","20","Telangana","Adilabad","13.76","18.54","21.84","27.14","27.87","25.92","24.04","23.5","22.79","21.0","15.99","12.52"
"63","2000","20","Telangana","Adilabad","15.43","17.56","20.09","27.28","27.56","25.01","23.66","23.91","23.2","22.64","16.38","13.18"
"63","2001","20","Telangana","Adilabad","15.44","18.78","21.09","24.68","29.82","25.54","24.01","23.2","23.83","21.14","17.08","13.46"
"63","2002","20","Telangana","Adilabad","14.79","18.39","21.98","26.78","29.51","26.13","25.42","22.93","23.45","21.42","15.97","15.3"
"63","2003","20","Telangana","Adilabad","15.66","19.16","21.3","26.49","30.27","28.11","23.58","23.5","23.55","21.04","16.47","13.55"
"63","2004","20","Telangana","Adilabad","14.8","17.01","22.29","26.4","27.02","26.66","23.91","23.69","23.37","20.82","16.63","13.72"
"63","2005","20","Telangana","Adilabad","15.28","17.79","21.47","25.61","28.97","29.52","23.48","24.02","23.41","21.24","14.57","12.51"
"63","2006","20","Telangana","Adilabad","14.29","18.13","19.63","25.43","27.03","27.01","24.13","23.69","23.18","21.61","16.75","14.64"
"63","2007","20","Telangana","Adilabad","15.15","17.72","21.47","25.45","29.62","26.1","24.62","24.1","23.26","20.66","15.78","15.02"
"63","2008","20","Telangana","Adilabad","15.12","16.94","20.36","24.75","28.91","26.14","23.98","23.82","23.16","21.29","17.11","15.06"
"63","2009","20","Telangana","Adilabad","16.55","19.75","21.77","26.76","29.01","29.26","24.46","24.8","24.63","21.08","17.3","14.76"
"63","2010","20","Telangana","Adilabad","14.27","18.67","23.24","27.82","29.88","28.37","23.45","24.06","23.4","21.52","18.7","13.52"
"63","2011","20","Telangana","Adilabad","13.61","17.22","21.37","23.92","28.55","26.8","23.75","23.6","23.3","21.75","16.99","14.27"
"63","2012","20","Telangana","Adilabad","15.23","17.86","21.28","26.24","29.95","27.72","23.16","23.43","23.13","20.51","15.87","14.27"
"63","2013","20","Telangana","Adilabad","15.29","17.38","21.27","25.38","30.19","24.69","22.97","23.28","23.87","21.17","16.2","13.35"
"63","2014","20","Telangana","Adilabad","20.01","16.97","19.45","25.33","27.18","28.97","25.26","25.24","23.43","21.7","16.56","13.39"
"63","2015","20","Telangana","Adilabad","20.01","16.97","19.45","25.33","27.18","28.97","25.26","25.24","23.43","21.7","18.1","16.46"
"520","1958","20","Telangana","Rangareddy","15.95","18.6","20.72","24.16","25.89","25.3","21.32","21.37","21.37","20.21","17.64","15.06"
"520","1959","20","Telangana","Rangareddy","16.91","18.95","20.8","23.89","26.08","22.87","20.78","21.11","21.21","20.78","16.88","14.66"
"520","1960","20","Telangana","Rangareddy","16.06","16.59","20.79","23.18","25.15","22.92","21.93","21.81","21.31","19.81","16.21","15.35"
"520","1961","20","Telangana","Rangareddy","16.14","17.31","21.73","23.98","24.81","22.16","21.13","21.16","20.65","19.52","16.25","13.97"
"520","1962","20","Telangana","Rangareddy","13.43","16.44","20.0","23.02","24.42","23.28","21.39","21.03","20.43","18.83","15.89","14.86"
"520","1963","20","Telangana","Rangareddy","14.2","16.07","20.07","22.05","24.75","21.88","21.43","20.55","20.97","19.91","17.25","14.65"
"520","1964","20","Telangana","Rangareddy","15.39","17.47","20.99","24.15","25.77","22.62","21.04","20.29","20.23","19.86","15.63","13.03"
"520","1965","20","Telangana","Rangareddy","15.32","17.24","20.04","22.53","25.01","22.84","21.22","21.21","20.89","19.67","16.43","15.42"
"520","1966","20","Telangana","Rangareddy","15.71","17.9","20.75","23.83","25.17","23.79","22.41","21.83","20.52","19.46","18.09","14.53"
"520","1967","20","Telangana","Rangareddy","15.28","16.83","20.65","23.22","25.47","23.49","21.58","21.19","20.85","19.1","15.62","17.12"
"520","1968","20","Telangana","Rangareddy","15.1","18.07","19.64","22.29","24.93","23.18","21.51","21.66","20.67","18.02","15.81","14.81"
"520","1969","20","Telangana","Rangareddy","15.59","18.8","22.19","24.39","25.21","23.57","21.2","21.13","20.8","19.83","17.63","14.42"
"520","1970","20","Telangana","Rangareddy","15.62","18.98","21.5","24.45","25.69","21.7","21.7","20.78","20.99","19.62","14.89","11.29"
"520","1971","20","Telangana","Rangareddy","15.49","18.27","20.14","23.93","24.63","21.35","22.2","21.67","21.33","19.34","15.43","13.39"
"520","1972","20","Telangana","Rangareddy","13.58","17.98","21.01","23.69","25.52","24.77","22.27","22.02","21.45","20.49","17.05","16.22"
"520","1973","20","Telangana","Rangareddy","16.57","19.19","21.81","25.81","27.35","23.73","21.55","20.84","21.78","19.72","16.12","14.6"
"520","1974","20","Telangana","Rangareddy","14.28","17.93","21.16","24.64","24.7","22.84","22.64","21.14","21.12","20.57","14.86","13.51"
"520","1975","20","Telangana","Rangareddy","14.15","17.89","20.81","24.44","26.04","22.55","21.3","21.42","20.35","20.93","15.17","11.79"
"520","1976","20","Telangana","Rangareddy","13.82","17.03","20.36","23.61","25.5","23.09","21.14","20.82","20.87","20.11","18.92","15.76"
"520","1977","20","Telangana","Rangareddy","15.41","18.61","21.93","24.61","25.16","23.37","22.05","21.43","21.52","19.65","19.8","14.71"
"520","1978","20","Telangana","Rangareddy","15.95","18.4","21.19","24.4","26.31","22.71","21.16","21.08","21.5","20.45","19.17","15.99"
"520","1979","20","Telangana","Rangareddy","17.74","18.53","20.65","24.41","24.77","24.58","23.01","21.98","21.56","21.86","20.18","16.58"
"520","1980","20","Telangana","Rangareddy","17.87","19.8","22.54","25.54","26.75","21.98","22.2","21.24","21.71","21.27","18.38","15.53"
"520","1981","20","Telangana","Rangareddy","16.06","18.77","20.91","24.67","26.01","23.85","22.28","21.3","21.27","20.62","16.9","15.43"
"520","1982","20","Telangana","Rangareddy","17.89","20.0","21.54","24.42","25.15","23.98","22.6","21.82","21.5","20.64","19.25","16.11"
"520","1983","20","Telangana","Rangareddy","15.99","19.94","23.03","24.39","26.35","25.04","22.54","21.9","21.14","20.59","15.58","15.05"
"520","1984","20","Telangana","Rangareddy","17.3","18.54","21.09","24.28","27.23","23.26","21.69","21.61","21.6","20.89","15.92","15.07"
"520","1985","20","Telangana","Rangareddy","17.1","18.59","22.12","24.78","26.5","22.66","21.56","21.3","21.85","19.15","15.89","15.45"
"520","1986","20","Telangana","Rangareddy","15.62","18.78","21.73","24.5","26.29","22.66","22.03","21.01","22.15","20.75","17.72","15.46"
"520","1987","20","Telangana","Rangareddy","16.57","17.75","20.7","24.49","24.62","23.91","21.89","21.66","22.51","20.46","18.08","15.49"
"520","1988","20","Telangana","Rangareddy","16.84","19.64","22.29","24.37","27.17","23.93","21.02","21.36","21.07","19.63","16.64","14.7"
"520","1989","20","Telangana","Rangareddy","15.56","17.27","20.85","23.95","26.15","22.59","21.38","21.11","21.17","19.87","17.34","14.82"
"520","1990","20","Telangana","Rangareddy","15.15","18.78","21.59","24.64","23.8","22.05","21.58","21.32","21.5","20.13","18.2","16.07"
"520","1991","20","Telangana","Rangareddy","15.97","19.11","21.92","24.49","26.6","22.82","21.82","21.05","21.99","19.98","16.8","14.41"
"520","1992","20","Telangana","Rangareddy","14.65","18.46","21.43","24.38","26.17","24.17","22.62","21.11","21.05","20.81","17.61","13.71"
"520","1993","20","Telangana","Rangareddy","15.91","16.98","21.17","24.21","26.62","24.92","22.3","21.64","21.51","21.2","17.87","13.86"
"520","1994","20","Telangana","Rangareddy","16.25","18.54","21.82","23.85","26.52","23.37","21.24","21.21","21.12","20.02","16.39","13.1"
"520","1995","20","Telangana","Rangareddy","14.33","18.61","21.21","23.21","24.39","24.66","21.88","21.93","21.63","20.17","16.87","14.95"
"520","1996","20","Telangana","Rangareddy","17.43","18.67","22.03","23.65","26.67","23.62","22.15","21.26","21.4","19.68","16.68","14.37"
"520","1997","20","Telangana","Rangareddy","14.78","16.85","20.69","22.49","25.51","24.22","22.59","21.82","21.51","19.96","19.8","17.98"
"520","1998","20","Telangana","Rangareddy","17.65","18.93","21.39","25.31","27.05","25.14","22.83","21.97","21.82","21.05","18.12","14.25"
"520","1999","20","Telangana","Rangareddy","14.92","19.26","21.85","25.45","24.97","22.89","22.01","21.51","21.08","20.12","16.9","13.89"
"520","2000","20","Telangana","Rangareddy","16.39","18.71","20.14","25.62","25.07","22.03","21.71","21.5","21.37","21.36","17.03","14.54"
"520","2001","20","Telangana","Rangareddy","16.32","19.45","21.41","23.99","27.05","23.25","22.82","21.22","22.02","20.13","18.45","15.01"
"520","2002","20","Telangana","Rangareddy","15.83","18.82","22.12","25.75","25.89","22.81","23.32","21.46","22.86","21.13","17.62","16.14"
"520","2003","20","Telangana","Rangareddy","16.75","19.91","21.72","25.49","28.35","25.7","22.56","22.09","22.03","21.1","18.0","15.11"
"520","2004","20","Telangana","Rangareddy","16.04","18.24","22.41","24.83","23.91","23.61","22.21","22.33","21.88","20.18","17.88","15.14"
"520","2005","20","Telangana","Rangareddy","16.57","19.0","21.75","24.27","26.52","24.96","21.38","21.56","21.02","20.26","16.06","14.52"
"520","2006","20","Telangana","Rangareddy","15.65","18.53","20.3","24.78","24.71","23.23","22.45","21.81","21.74","21.06","17.86","15.48"
"520","2007","20","Telangana","Rangareddy","16.28","18.14","21.62","24.31","26.62","22.6","22.59","21.96","20.98","20.56","16.93","16.18"
"520","2008","20","Telangana","Rangareddy","16.06","18.32","19.75","23.93","26.65","24.33","23.17","21.36","20.98","20.6","17.91","15.93"
"520","2009","20","Telangana","Rangareddy","16.6","20.06","21.32","25.62","26.57","25.02","23.14","23.08","22.23","20.55","18.4","15.81"
"520","2010","20","Telangana","Rangareddy","15.98","19.19","22.77","26.3","26.38","24.61","21.59","21.91","21.21","20.91","18.8","14.71"
"520","2011","20","Telangana","Rangareddy","15.04","17.94","21.28","23.58","26.01","23.98","22.64","21.67","22.01","21.56","18.33","15.78"
"520","2012","20","Telangana","Rangareddy","16.39","18.92","21.67","24.35","27.02","25.06","22.23","21.89","22.14","20.26","17.63","16.44"
"520","2013","20","Telangana","Rangareddy","17.33","18.44","21.65","24.88","27.07","22.15","21.05","21.74","21.55","20.41","17.18","14.41"
"520","2014","20","Telangana","Rangareddy","19.91","17.67","19.85","24.48","24.99","25.72","22.24","22.56","21.92","21.6","17.76","15.27"
"520","2015","20","Telangana","Rangareddy","19.91","17.67","19.85","24.48","24.99","25.72","22.24","22.56","21.92","21.6","19.46","17.53"