"Dist Code","Year","State Code","State Name","Dist Name","JANUARY PERCIPITATION (Millimeters)","FEBRUARY PERCIPITATION (Millimeters)","MARCH PERCIPITATION (Millimeters)","APRIL PERCIPITATION (Millimeters)","MAY PERCIPITATION (Millimeters)","JUNE PERCIPITATION (Millimeters)","JULY PERCIPITATION (Millimeters)","AUGUST PERCIPITATION (Millimeters)","SEPTEMBER PERCIPITATION (Millimeters)","OCTOBER PERCIPITATION (Millimeters)","NOVEMBER PERCIPITATION (Millimeters)","DECEMBER PERCIPITATION (Millimeters)"
"55","1958","20","Telangana","Hyderabad","1.17","8.85","6.81","49.39","16.01","65.58","251.18","193.35","132.4","56.74","19.7","0.0"
"55","1959","20","Telangana","Hyderabad","0.0","0.1","0.0","13.16","23.16","142.85","224.34","220.11","144.9","44.11","4.91","0.7"
"55","1960","20","Telangana","Hyderabad","0.0","0.0","32.67","4.17","32.75","109.08","109.56","42.91","323.29","30.5","18.26","6.41"
"55","1961","20","Telangana","Hyderabad","1.67","3.49","3.67","14.34","36.46","107.03","246.82","131.08","100.26","160.9","6.38","0.1"
"55","1962","20","Telangana","Hyderabad","43.88","35.83","30.36","26.39","23.36","20.98","28.11","89.84","216.82","175.69","130.3","97.71"
"55","1963","20","Telangana","Hyderabad","0.0","0.28","6.67","46.43","17.77","135.52","135.47","232.7","118.14","97.98","0.0","0.0"
"55","1964","20","Telangana","Hyderabad","0.2","0.77","1.62","16.68","11.12","97.79","164.03","95.22","351.61","48.03","7.03","0.0"
"55","1965","20","Telangana","Hyderabad","0.49","0.0","3.74","5.06","11.79","73.41","301.24","81.67","234.31","0.1","0.0","2.59"
"55","1966","20","Telangana","Hyderabad","40.16","33.38","28.61","25.07","22.32","20.14","33.02","40.28","141.11","95.68","61.62","46.27"
"55","1967","20","Telangana","Hyderabad","0.93","0.0","32.93","7.34","3.02","107.94","314.79","109.97","183.26","9.67","0.1","14.39"
"55","1968","20","Telangana","Hyderabad","5.65","10.81","10.41","10.25","8.61","76.39","146.78","15.43","322.57","54.82","5.1","2.04"
"55","1969","20","Telangana","Hyderabad","1.9","0.0","2.44","15.38","52.3","73.11","169.89","98.96","240.46","32.18","37.95","13.26"
"55","1970","20","Telangana","Hyderabad","39.92","33.19","28.46","24.97","22.26","20.37","18.56","177.2","216.82","159.08","102.47","66.51"
"55","1971","20","Telangana","Hyderabad","48.92","39.03","32.61","28.05","24.63","22.0","19.88","23.86","56.05","44.62","36.25","30.64"
"55","1972","20","Telangana","Hyderabad","26.58","23.5","21.07","19.14","17.51","16.15","14.99","14.0","13.12","12.35","11.67","11.05"
"55","1973","20","Telangana","Hyderabad","10.51","10.02","9.54","9.14","8.74","8.42","8.1","103.38","89.93","109.62","71.28","51.06"
"55","1974","20","Telangana","Hyderabad","0.0","0.0","1.34","17.19","34.32","73.92","66.62","122.12","217.07","138.75","2.36","0.0"
"55","1975","20","Telangana","Hyderabad","6.87","14.94","30.98","8.67","21.16","69.28","151.29","161.21","394.48","174.92","17.65","0.0"
"55","1976","20","Telangana","Hyderabad","0.0","0.0","0.26","20.15","13.52","87.54","294.16","176.46","96.26","12.93","31.6","0.0"
"55","1977","20","Telangana","Hyderabad","0.0","0.1","7.03","13.81","37.15","85.94","135.1","140.13","50.31","68.13","38.33","2.21"
"55","1978","20","Telangana","Hyderabad","5.28","22.03","3.69","25.18","45.53","139.68","203.65","271.14","217.33","48.76","30.01","1.77"
"55","1979","20","Telangana","Hyderabad","5.28","18.8","0.98","13.4","72.52","84.86","86.07","77.44","306.81","18.65","37.57","1.11"
"55","1980","20","Telangana","Hyderabad","0.41","0.0","9.19","20.05","13.21","137.71","120.72","174.1","143.33","8.57","2.54","7.59"
"55","1981","20","Telangana","Hyderabad","4.93","0.0","34.12","20.57","19.63","143.81","151.09","154.15","310.69","79.61","4.84","0.3"
"55","1982","20","Telangana","Hyderabad","0.19","0.0","2.16","28.68","31.35","109.09","195.25","80.77","195.49","66.13","23.89","0.0"
"55","1983","20","Telangana","Hyderabad","0.0","0.33","2.18","4.16","26.44","78.43","166.48","268.56","290.81","125.78","4.59","15.71"
"55","1984","20","Telangana","Hyderabad","0.1","4.6","10.98","21.07","0.5","84.44","198.22","93.04","158.89","76.23","2.73","0.39"
"55","1985","20","Telangana","Hyderabad","3.16","0.0","19.63","4.6","4.01","107.24","156.41","64.95","46.82","78.05","0.1","9.55"
"55","1986","20","Telangana","Hyderabad","9.7","12.85","0.43","43.63","3.55","138.52","112.8","200.84","73.32","13.45","24.09","18.37"
"55","1987","20","Telangana","Hyderabad","3.54","0.38","35.46","21.81","18.54","73.65","146.13","164.7","90.0","94.34","33.24","6.75"
"55","1988","20","Telangana","Hyderabad","0.0","34.91","0.13","39.07","3.49","74.25","283.77","187.44","275.52","21.81","0.97","17.98"
"55","1989","20","Telangana","Hyderabad","0.0","0.0","33.1","2.27","7.73","114.39","377.6","144.38","183.06","63.23","2.82","4.19"
"55","1990","20","Telangana","Hyderabad","0.85","3.88","26.23","1.65","124.93","124.52","107.45","207.04","132.3","78.53","19.25","0.52"
"55","1991","20","Telangana","Hyderabad","2.36","0.29","0.28","14.35","13.78","177.54","124.34","176.7","200.97","36.48","19.79","0.89"
"55","1992","20","Telangana","Hyderabad","0.1","0.0","0.0","6.62","32.35","91.81","84.25","230.73","155.53","35.69","23.46","0.0"
"55","1993","20","Telangana","Hyderabad","0.0","0.38","2.35","8.24","13.35","78.31","168.85","146.48","152.8","84.67","0.31","5.35"
"55","1994","20","Telangana","Hyderabad","8.67","6.9","0.0","31.35","4.98","92.47","152.06","171.19","82.65","185.93","27.92","0.0"
"55","1995","20","Telangana","Hyderabad","8.08","0.0","32.64","8.48","58.22","116.87","217.16","157.36","205.71","220.57","18.77","0.0"
"55","1996","20","Telangana","Hyderabad","0.1","0.7","0.71","49.11","5.86","85.07","188.49","274.99","177.69","88.79","42.47","0.94"
"55","1997","20","Telangana","Hyderabad","2.5","0.0","7.3","51.48","12.35","31.32","175.12","150.39","129.9","69.62","30.76","23.49"
"55","1998","20","Telangana","Hyderabad","0.55","0.6","1.36","7.91","12.01","47.72","203.98","226.25","186.49","166.16","11.24","0.0"
"55","1999","20","Telangana","Hyderabad","0.0","2.15","0.0","7.47","59.45","43.96","145.3","109.57","153.06","35.31","0.0","0.0"
"55","2000","20","Telangana","Hyderabad","0.0","20.26","0.69","11.47","43.17","198.36","133.47","395.83","80.14","18.01","1.51","1.2"
"55","2001","20","Telangana","Hyderabad","5.24","0.0","31.1","14.71","3.55","191.68","48.55","211.77","113.74","102.77","2.66","0.1"
"55","2002","20","Telangana","Hyderabad","5.81","0.22","7.84","2.89","44.15","146.92","62.22","182.24","59.4","74.65","2.22","0.0"
"55","2003","20","Telangana","Hyderabad","0.1","7.1","7.77","22.54","0.66","63.64","239.85","127.56","81.69","118.13","0.1","1.1"
"55","2004","20","Telangana","Hyderabad","4.1","0.7","15.33","47.24","23.83","38.44","200.95","71.25","162.24","55.28","1.44","0.0"
"55","2005","20","Telangana","Hyderabad","2.86","5.94","10.47","22.23","16.8","81.0","331.78","106.85","295.16","160.66","0.56","0.0"
"55","2006","20","Telangana","Hyderabad","0.0","0.0","24.09","58.72","70.64","84.16","186.88","200.56","250.53","33.58","42.09","0.0"
"55","2007","20","Telangana","Hyderabad","0.0","0.4","0.1","21.23","7.82","117.68","108.03","215.57","309.83","18.59","16.59","0.2"
"55","2008","20","Telangana","Hyderabad","0.0","41.38","19.57","12.24","13.38","46.89","106.66","388.54","231.99","35.16","36.66","0.0"
"55","2009","20","Telangana","Hyderabad","0.0","0.0","1.69","18.43","22.78","67.75","70.88","292.78","175.26","53.04","26.22","5.08"
"55","2010","20","Telangana","Hyderabad","3.23","1.8","1.2","8.57","17.87","132.98","317.27","200.82","314.01","53.52","40.75","20.2"
"55","2011","20","Telangana","Hyderabad","0.0","16.96","1.17","14.14","6.05","41.82","182.14","200.79","106.62","48.61","6.11","0.1"
"55","2012","20","Telangana","Hyderabad","1.39","0.0","0.0","16.33","7.3","118.64","217.37","134.62","165.95","60.65","30.46","0.0"
"55","2013","20","Telangana","Hyderabad","0.24","12.44","0.29","65.57","8.5","185.12","195.5","113.96","187.29","173.03","11.16","0.0"
"55","2014","20","Telangana","Hyderabad","0.0","1.53","24.87","12.94","26.04","62.95","178.0","146.99","107.98","24.93","32.8","1.57"
"55","2015","20","Telangana","Hyderabad","0.34","0.2","13.44","86.04","8.2","165.85","42.96","74.95","177.39","46.46","2.54","0.2"
"56","1958","20","Telangana","Nizamabad","0.31","4.7","6.64","43.51","12.39","78.94","524.75","382.01","114.75","47.86","15.21","0.0"
"56","1959","20","Telangana","Nizamabad","0.61","0.47","0.23","15.41","10.74","234.56","414.95","355.79","269.81","56.4","7.4","0.46"
"56","1960","20","Telangana","Nizamabad","0.35","0.0","44.93","4.67","23.0","199.2","215.38","84.7","266.62","44.26","18.0","4.28"
"56","1961","20","Telangana","Nizamabad","0.23","0.69","5.79","20.73","31.84","139.72","400.65","211.98","165.5","145.05","4.44","0.14"
"56","1962","20","Telangana","Nizamabad","66.42","48.62","38.74","32.33","27.81","24.43","163.96","215.03","215.09","163.88","127.82","101.81"
"56","1963","20","Telangana","Nizamabad","0.0","1.84","12.13","33.82","18.4","231.51","237.97","434.82","155.95","99.41","0.0","0.0"
"56","1964","20","Telangana","Nizamabad","0.61","0.37","5.27","6.83","3.3","112.58","284.28","205.01","389.32","25.31","6.11","0.0"
"56","1965","20","Telangana","Nizamabad","2.64","0.23","1.25","8.5","5.74","167.76","559.01","166.64","296.5","1.34","0.02","1.74"
"56","1966","20","Telangana","Nizamabad","42.76","35.02","29.75","25.9","22.96","20.63","184.23","210.26","215.09","147.19","94.68","68.65"
"56","1967","20","Telangana","Nizamabad","2.14","1.06","48.67","4.55","2.92","171.1","448.56","182.07","163.26","7.62","2.69","17.95"
"56","1968","20","Telangana","Nizamabad","11.88","11.99","28.09","12.24","5.09","117.95","244.48","41.02","329.58","28.01","20.16","0.58"
"56","1969","20","Telangana","Nizamabad","2.83","0.0","1.53","13.88","23.31","127.1","325.37","140.36","355.12","20.77","46.94","3.88"
"56","1970","20","Telangana","Nizamabad","55.29","42.67","34.96","29.7","25.86","96.53","144.47","215.09","215.09","145.87","96.3","66.14"
"56","1971","20","Telangana","Nizamabad","48.4","38.58","32.22","27.72","24.36","21.75","19.65","78.44","96.45","80.58","54.65","41.75"
"56","1972","20","Telangana","Nizamabad","34.16","29.04","25.32","22.47","20.22","18.51","17.68","16.38","15.18","14.13","13.23","12.44"
"56","1973","20","Telangana","Nizamabad","11.73","11.11","10.55","10.04","9.58","9.16","105.71","215.09","202.75","215.09","153.31","101.96"
"56","1974","20","Telangana","Nizamabad","0.0","0.16","0.27","22.74","23.96","152.48","152.36","192.38","188.96","130.62","3.9","0.0"
"56","1975","20","Telangana","Nizamabad","14.18","15.95","43.99","6.66","16.88","108.2","320.96","222.98","492.97","118.59","7.55","0.0"
"56","1976","20","Telangana","Nizamabad","0.06","0.0","0.88","24.66","10.82","84.62","463.59","271.04","125.23","5.72","20.18","0.0"
"56","1977","20","Telangana","Nizamabad","0.0","0.7","10.88","13.35","31.77","114.71","270.71","222.69","100.07","40.97","54.05","1.27"
"56","1978","20","Telangana","Nizamabad","12.69","21.97","4.8","20.52","20.3","275.19","391.98","313.76","142.12","41.99","29.96","0.39"
"56","1979","20","Telangana","Nizamabad","12.69","24.83","1.42","9.85","49.88","147.04","181.6","156.83","307.85","14.53","38.27","2.12"
"56","1980","20","Telangana","Nizamabad","1.03","0.05","10.1","17.45","6.53","246.25","207.12","296.62","166.04","6.73","1.53","13.23"
"56","1981","20","Telangana","Nizamabad","9.24","0.04","39.75","6.17","16.55","210.19","265.47","276.7","398.44","35.97","4.19","2.75"
"56","1982","20","Telangana","Nizamabad","2.32","0.14","3.83","27.12","20.73","124.34","412.9","140.42","266.82","78.54","25.45","0.0"
"56","1983","20","Telangana","Nizamabad","0.0","1.03","3.02","4.58","17.01","139.21","333.1","532.35","404.3","167.2","6.55","14.28"
"56","1984","20","Telangana","Nizamabad","0.95","5.87","2.34","7.41","0.6","117.85","327.52","137.69","188.5","58.57","0.98","0.0"
"56","1985","20","Telangana","Nizamabad","7.98","0.18","18.37","11.79","3.33","193.74","309.83","128.48","64.43","68.83","1.15","6.32"
"56","1986","20","Telangana","Nizamabad","11.47","15.13","0.28","29.65","4.7","213.61","261.9","306.25","94.72","8.68","21.4","16.88"
"56","1987","20","Telangana","Nizamabad","9.25","1.84","32.4","10.28","18.42","136.71","235.77","283.52","94.79","80.4","46.61","5.09"
"56","1988","20","Telangana","Nizamabad","0.0","24.7","0.83","32.44","7.94","122.99","487.56","282.8","417.42","20.73","5.08","12.6"
"56","1989","20","Telangana","Nizamabad","0.0","0.0","42.64","1.62","8.52","170.29","542.13","230.14","208.94","42.4","2.08","6.19"
"56","1990","20","Telangana","Nizamabad","1.53","3.04","23.54","0.88","86.23","232.87","225.95","342.21","132.61","87.3","16.13","2.44"
"56","1991","20","Telangana","Nizamabad","3.73","1.24","0.49","18.1","6.92","241.3","247.26","251.95","170.02","22.59","18.68","0.54"
"56","1992","20","Telangana","Nizamabad","0.21","0.0","0.0","4.45","26.52","137.62","154.83","370.48","199.51","32.65","12.94","0.0"
"56","1993","20","Telangana","Nizamabad","0.0","2.13","11.5","6.06","8.97","135.78","313.13","221.51","223.08","94.17","0.2","4.59"
"56","1994","20","Telangana","Nizamabad","15.81","7.48","0.0","36.51","5.92","151.18","341.38","294.18","161.56","147.72","23.09","0.0"
"56","1995","20","Telangana","Nizamabad","16.89","0.03","45.53","9.01","30.6","158.4","419.32","217.47","273.38","150.36","15.25","0.0"
"56","1996","20","Telangana","Nizamabad","1.05","0.74","4.33","33.58","2.95","96.87","316.71","382.34","245.09","96.97","37.79","0.41"
"56","1997","20","Telangana","Nizamabad","5.38","0.0","6.04","42.64","8.35","66.13","282.15","234.77","138.43","63.62","45.04","21.15"
"56","1998","20","Telangana","Nizamabad","1.26","2.26","6.99","6.25","8.31","80.26","334.65","330.5","259.82","123.71","30.8","0.0"
"56","1999","20","Telangana","Nizamabad","0.0","7.08","0.09","4.64","47.06","82.91","238.62","188.2","239.08","59.72","0.01","0.0"
"56","2000","20","Telangana","Nizamabad","0.0","10.35","0.67","7.08","27.41","264.82","261.04","514.45","88.75","13.42","1.31","0.99"
"56","2001","20","Telangana","Nizamabad","11.0","0.0","34.95","16.92","7.34","273.55","100.37","305.89","115.78","92.12","2.57","0.0"
"56","2002","20","Telangana","Nizamabad","11.63","0.98","8.33","4.66","25.67","243.91","102.97","290.76","108.86","59.81","2.14","0.0"
"56","2003","20","Telangana","Nizamabad","0.12","6.81","11.07","16.2","1.04","114.58","381.53","207.57","112.86","80.43","0.45","1.87"
"56","2004","20","Telangana","Nizamabad","9.31","0.56","14.62","31.02","23.35","71.7","335.12","132.8","224.71","46.04","7.5","0.0"
"56","2005","20","Telangana","Nizamabad","11.4","4.94","16.19","20.51","9.98","125.71","537.59","187.48","355.85","128.8","0.28","0.0"
"56","2006","20","Telangana","Nizamabad","0.0","0.0","34.83","37.39","54.17","127.27","362.87","351.64","326.5","27.0","37.61","0.0"
"56","2007","20","Telangana","Nizamabad","0.0","0.36","0.7","21.93","4.81","172.93","233.8","325.39","345.26","11.65","15.9","0.18"
"56","2008","20","Telangana","Nizamabad","0.15","27.67","24.85","9.04","8.17","85.63","211.36","513.58","310.51","31.48","29.61","0.31"
"56","2009","20","Telangana","Nizamabad","0.0","0.0","3.71","11.88","23.88","113.62","189.84","395.27","185.04","57.64","42.14","4.63"
"56","2010","20","Telangana","Nizamabad","7.92","1.67","7.43","4.25","7.96","190.34","536.93","352.36","344.55","48.7","48.77","14.47"
"56","2011","20","Telangana","Nizamabad","0.0","12.35","2.17","30.05","5.92","86.41","308.48","299.83","187.55","33.02","4.84","0.04"
"56","2012","20","Telangana","Nizamabad","2.72","0.24","0.0","10.93","4.43","169.1","395.39","216.7","259.67","49.27","26.91","0.0"
"56","2013","20","Telangana","Nizamabad","3.13","9.12","1.51","45.7","3.86","311.64","377.63","198.76","222.34","146.97","8.93","0.06"
"56","2014","20","Telangana","Nizamabad","0.24","5.38","33.77","13.11","18.97","82.85","343.64","208.74","169.54","16.48","28.14","1.13"
"56","2015","20","Telangana","Nizamabad","4.59","0.92","25.44","71.19","8.77","257.23","92.68","180.64","234.79","32.06","2.53","0.09"
"57","1958","20","Telangana","Medak","0.36","4.53","7.67","53.36","13.48","76.57","401.27","274.06","137.06","56.4","15.07","0.0"
"57","1959","20","Telangana","Medak","0.09","0.08","0.06","14.48","14.82","199.36","332.87","277.8","205.45","50.48","5.81","0.62"
"57","1960","20","Telangana","Medak","0.06","0.0","36.91","6.27","25.82","165.51","169.69","52.45","328.55","35.24","19.09","5.31"
"57","1961","20","Telangana","Medak","0.51","1.21","3.28","21.45","33.66","134.97","345.48","154.55","136.5","155.16","6.09","0.13"
"57","1962","20","Telangana","Medak","59.77","44.41","35.67","29.93","25.84","22.77","120.2","191.14","204.38","161.94","120.56","91.14"
"57","1963","20","Telangana","Medak","0.0","0.47","10.46","45.72","19.89","193.67","196.37","304.43","148.07","102.68","0.0","0.0"
"57","1964","20","Telangana","Medak","0.26","0.56","3.27","13.9","6.67","115.28","252.49","132.44","422.27","36.83","6.98","0.01"
"57","1965","20","Telangana","Medak","0.87","0.02","2.29","6.35","8.39","127.73","466.18","119.37","288.7","0.43","0.06","2.11"
"57","1966","20","Telangana","Medak","39.7","32.65","27.81","24.26","21.54","19.38","126.68","153.63","204.37","144.0","90.58","64.39"
"57","1967","20","Telangana","Medak","1.48","0.18","37.1","5.89","2.8","153.99","432.73","138.01","190.49","6.84","0.88","14.16"
"57","1968","20","Telangana","Medak","4.97","7.92","13.57","11.92","8.07","104.03","204.32","23.32","360.31","44.51","11.25","0.98"
"57","1969","20","Telangana","Medak","1.62","0.0","2.05","17.94","31.77","108.85","260.97","111.95","329.88","27.9","42.24","7.32"
"57","1970","20","Telangana","Medak","53.06","40.65","33.23","28.2","24.55","58.53","84.05","198.65","204.38","141.55","90.2","62.03"
"57","1971","20","Telangana","Medak","45.52","36.32","30.36","26.15","23.0","20.54","18.57","48.55","93.54","76.93","51.31","39.41"
"57","1972","20","Telangana","Medak","32.27","27.43","23.91","21.23","19.1","17.39","16.04","14.82","14.38","13.37","12.5","11.75"
"57","1973","20","Telangana","Medak","11.08","10.49","9.95","9.48","9.04","8.65","45.41","182.15","171.61","199.49","139.13","89.04"
"57","1974","20","Telangana","Medak","0.0","0.02","0.49","24.33","25.04","125.75","117.92","152.58","231.25","136.76","2.61","0.0"
"57","1975","20","Telangana","Medak","7.37","9.77","35.14","9.0","18.08","85.01","239.93","189.64","481.49","159.35","12.57","0.0"
"57","1976","20","Telangana","Medak","0.0","0.0","0.55","27.44","12.91","100.38","405.12","226.21","122.86","10.28","26.51","0.0"
"57","1977","20","Telangana","Medak","0.0","0.04","9.59","16.45","33.41","112.27","214.63","169.62","77.07","54.13","41.77","1.96"
"57","1978","20","Telangana","Medak","5.36","15.85","3.34","25.54","32.82","216.21","317.3","297.03","202.2","47.99","28.62","1.28"
"57","1979","20","Telangana","Medak","5.36","13.46","1.62","13.01","56.64","122.71","139.1","108.99","340.73","17.19","38.87","1.27"
"57","1980","20","Telangana","Medak","0.44","0.0","9.05","23.03","8.81","197.01","173.46","221.67","172.49","7.94","1.92","9.26"
"57","1981","20","Telangana","Medak","3.95","0.0","33.92","13.97","16.26","202.54","210.06","203.0","393.39","57.03","3.48","0.79"
"57","1982","20","Telangana","Medak","0.49","0.0","3.08","33.56","23.44","132.03","314.69","100.35","254.51","74.19","25.56","0.0"
"57","1983","20","Telangana","Medak","0.0","0.47","2.0","4.7","20.33","107.09","266.43","371.26","381.72","154.91","5.47","15.08"
"57","1984","20","Telangana","Medak","0.2","3.82","6.0","12.61","0.52","111.63","302.6","116.11","196.95","68.29","2.06","0.12"
"57","1985","20","Telangana","Medak","3.12","0.06","18.46","8.96","3.58","154.86","241.24","87.64","60.41","76.38","1.22","7.09"
"57","1986","20","Telangana","Medak","7.56","8.69","0.54","41.82","3.75","193.07","184.18","242.55","93.83","12.58","22.71","16.39"
"57","1987","20","Telangana","Medak","4.13","0.71","31.72","16.23","18.13","108.31","208.81","209.39","107.37","90.72","35.28","6.02"
"57","1988","20","Telangana","Medak","0.0","20.47","0.34","41.83","5.07","105.6","411.35","226.09","373.69","21.96","2.28","14.15"
"57","1989","20","Telangana","Medak","0.0","0.0","34.4","3.81","7.1","155.18","515.28","176.96","219.97","55.33","2.38","4.31"
"57","1990","20","Telangana","Medak","0.79","2.17","22.88","1.85","96.66","182.0","172.47","261.81","146.66","84.58","17.98","1.09"
"57","1991","20","Telangana","Medak","1.92","0.39","0.36","19.52","9.94","230.49","196.42","211.5","214.84","30.49","18.35","0.64"
"57","1992","20","Telangana","Medak","0.12","0.0","0.0","6.69","27.79","126.47","128.33","290.26","195.59","35.01","19.37","0.0"
"57","1993","20","Telangana","Medak","0.0","0.65","5.0","8.42","10.2","114.41","257.78","180.56","199.05","92.73","0.34","5.77"
"57","1994","20","Telangana","Medak","8.11","4.52","0.0","38.59","5.31","133.95","246.52","220.06","122.74","173.55","24.68","0.0"
"57","1995","20","Telangana","Medak","7.9","0.0","34.51","10.77","40.36","152.98","331.81","185.0","258.97","195.88","17.09","0.0"
"57","1996","20","Telangana","Medak","0.29","0.46","1.71","48.17","4.46","101.75","273.03","327.16","228.91","93.92","39.66","0.56"
"57","1997","20","Telangana","Medak","2.98","0.0","6.58","54.2","9.77","53.76","250.6","191.32","140.08","68.34","34.25","20.68"
"57","1998","20","Telangana","Medak","0.5","0.84","2.87","7.35","9.88","68.54","297.24","275.05","239.49","151.63","17.74","0.04"
"57","1999","20","Telangana","Medak","0.0","2.48","0.02","7.0","49.72","67.24","210.77","139.5","207.53","47.11","0.03","0.0"
"57","2000","20","Telangana","Medak","0.0","9.87","0.64","10.96","33.13","252.59","203.41","456.76","97.96","17.15","1.55","1.11"
"57","2001","20","Telangana","Medak","5.24","0.0","30.71","17.11","4.71","252.63","76.84","252.85","131.28","100.75","2.83","0.08"
"57","2002","20","Telangana","Medak","5.66","0.34","7.73","4.32","32.49","208.01","89.95","226.78","85.81","69.36","2.0","0.0"
"57","2003","20","Telangana","Medak","0.08","4.68","8.51","22.69","0.83","93.76","341.84","160.14","101.85","105.93","0.23","1.19"
"57","2004","20","Telangana","Medak","3.92","0.42","14.48","45.78","22.02","58.9","290.94","100.26","186.0","51.89","3.55","0.0"
"57","2005","20","Telangana","Medak","3.86","3.69","11.83","25.6","12.43","117.21","481.5","142.53","361.59","150.28","0.36","0.0"
"57","2006","20","Telangana","Medak","0.0","0.0","26.2","55.18","58.21","114.69","292.22","266.22","316.13","28.35","39.46","0.0"
"57","2007","20","Telangana","Medak","0.0","0.24","0.27","24.74","6.05","158.45","173.86","265.51","369.16","15.41","16.21","0.14"
"57","2008","20","Telangana","Medak","0.06","23.94","20.66","12.67","10.22","68.53","162.3","455.36","297.6","34.66","33.01","0.39"
"57","2009","20","Telangana","Medak","0.0","0.0","2.46","17.84","20.35","96.1","129.28","347.48","207.02","57.57","31.25","4.4"
"57","2010","20","Telangana","Medak","3.5","1.14","3.0","6.25","11.18","180.79","462.5","260.03","365.24","53.7","42.57","16.17"
"57","2011","20","Telangana","Medak","0.0","9.81","1.41","22.7","5.32","67.17","265.59","246.52","158.18","45.81","5.54","0.04"
"57","2012","20","Telangana","Medak","1.17","0.07","0.0","16.46","5.07","155.31","324.91","169.82","220.82","57.3","28.27","0.0"
"57","2013","20","Telangana","Medak","0.7","7.17","0.8","63.77","5.78","262.19","299.55","146.66","232.81","163.98","10.03","0.08"
"57","2014","20","Telangana","Medak","0.05","1.85","26.73","14.83","20.99","81.4","274.29","179.13","145.04","22.53","30.73","1.36"
"57","2015","20","Telangana","Medak","1.05","0.31","16.88","89.31","8.55","223.45","68.4","107.67","223.61","42.06","3.03","0.12"
"58","1958","20","Telangana","Mahabubnagar","0.44","5.7","3.7","31.0","15.19","59.55","234.68","197.64","150.68","48.26","19.95","0.19"
"58","1959","20","Telangana","Mahabubnagar","0.0","0.71","0.03","12.84","29.06","121.8","235.98","178.11","157.01","44.63","2.96","1.31"
"58","1960","20","Telangana","Mahabubnagar","0.0","0.0","16.96","5.11","25.89","85.09","130.64","29.92","373.93","36.99","12.88","3.77"
"58","1961","20","Telangana","Mahabubnagar","0.63","2.89","3.07","7.38","35.45","133.47","298.93","113.8","61.95","139.45","4.32","0.04"
"58","1962","20","Telangana","Mahabubnagar","34.67","28.77","24.66","21.61","19.26","17.39","27.34","52.47","142.37","111.22","73.9","52.54"
"58","1963","20","Telangana","Mahabubnagar","0.0","0.32","3.47","36.63","13.6","108.32","128.79","251.0","86.1","101.69","0.01","4.23"
"58","1964","20","Telangana","Mahabubnagar","0.03","0.69","0.33","10.5","7.15","107.87","220.49","90.19","414.38","49.38","7.57","0.23"
"58","1965","20","Telangana","Mahabubnagar","0.11","0.22","0.96","10.0","9.72","104.1","245.03","87.94","197.49","0.79","3.67","12.34"
"58","1966","20","Telangana","Mahabubnagar","28.97","24.75","21.66","19.27","17.38","15.84","64.66","69.08","123.76","76.34","49.99","38.01"
"58","1967","20","Telangana","Mahabubnagar","0.97","0.0","9.61","8.81","5.75","85.45","293.42","86.45","193.58","31.66","0.17","10.0"
"58","1968","20","Telangana","Mahabubnagar","2.41","6.43","8.64","16.48","11.5","78.96","157.16","11.62","303.7","73.14","9.82","6.32"
"58","1969","20","Telangana","Mahabubnagar","0.52","0.0","3.47","8.1","45.74","68.91","202.2","150.13","162.69","45.83","23.35","12.35"
"58","1970","20","Telangana","Mahabubnagar","29.92","25.39","22.11","19.62","17.65","16.06","23.84","135.74","181.08","136.85","82.64","53.98"
"58","1971","20","Telangana","Mahabubnagar","40.47","32.63","27.44","23.73","20.92","18.73","16.96","16.68","22.21","19.32","17.18","15.53"
"58","1972","20","Telangana","Mahabubnagar","14.19","13.1","12.16","11.37","10.67","10.06","9.52","9.04","8.88","8.45","8.07","7.72"
"58","1973","20","Telangana","Mahabubnagar","7.4","7.11","6.84","6.59","6.36","6.14","5.97","71.02","59.4","53.29","38.55","30.93"
"58","1974","20","Telangana","Mahabubnagar","0.0","0.0","0.68","9.99","53.82","70.7","79.42","129.55","250.44","138.05","3.57","0.09"
"58","1975","20","Telangana","Mahabubnagar","2.19","4.08","14.85","6.19","21.24","62.45","210.41","142.84","284.33","190.35","13.62","0.1"
"58","1976","20","Telangana","Mahabubnagar","0.0","0.0","0.1","15.7","14.37","94.31","247.25","180.02","99.28","16.16","33.31","0.07"
"58","1977","20","Telangana","Mahabubnagar","0.08","0.15","5.04","22.33","44.29","110.86","156.76","152.43","36.62","97.95","36.77","1.3"
"58","1978","20","Telangana","Mahabubnagar","1.35","12.51","1.49","23.24","40.26","100.42","206.13","245.13","289.35","52.75","24.66","14.48"
"58","1979","20","Telangana","Mahabubnagar","1.35","12.67","0.88","6.18","84.89","83.78","92.9","56.0","296.68","23.73","38.87","0.68"
"58","1980","20","Telangana","Mahabubnagar","0.15","0.0","2.86","12.77","15.96","98.93","121.2","163.86","132.39","13.17","8.21","5.8"
"58","1981","20","Telangana","Mahabubnagar","3.06","0.0","19.04","22.49","18.32","122.05","158.82","133.31","281.83","78.64","11.64","0.95"
"58","1982","20","Telangana","Mahabubnagar","0.11","0.0","0.31","20.77","24.06","112.61","201.38","63.72","182.56","65.81","25.49","0.0"
"58","1983","20","Telangana","Mahabubnagar","0.0","0.04","1.32","2.01","26.31","90.46","195.32","238.13","291.45","84.33","5.38","14.44"
"58","1984","20","Telangana","Mahabubnagar","0.19","2.11","9.39","18.51","1.18","70.72","224.09","62.91","131.87","63.62","2.91","1.83"
"58","1985","20","Telangana","Mahabubnagar","1.8","0.0","9.08","4.24","8.54","89.33","152.2","73.09","64.36","77.9","1.73","12.8"
"58","1986","20","Telangana","Mahabubnagar","5.21","6.28","0.71","29.61","6.09","123.66","105.96","171.15","86.39","24.19","24.1","16.1"
"58","1987","20","Telangana","Mahabubnagar","1.27","0.26","19.17","22.91","18.55","65.3","139.49","146.16","100.14","91.52","21.2","12.51"
"58","1988","20","Telangana","Mahabubnagar","0.0","14.69","0.0","29.92","5.96","68.16","299.65","187.94","272.75","19.7","1.31","20.46"
"58","1989","20","Telangana","Mahabubnagar","0.0","0.0","17.21","4.45","11.04","106.87","375.69","122.95","186.89","59.61","3.68","3.74"
"58","1990","20","Telangana","Mahabubnagar","0.34","2.38","14.65","2.87","110.76","100.67","105.01","170.48","129.28","72.28","17.28","0.44"
"58","1991","20","Telangana","Mahabubnagar","1.39","0.05","0.07","12.11","17.55","181.3","126.27","156.85","206.0","47.97","22.65","1.4"
"58","1992","20","Telangana","Mahabubnagar","0.08","0.0","0.0","4.9","28.06","90.33","95.02","195.18","164.65","45.34","28.72","0.2"
"58","1993","20","Telangana","Mahabubnagar","0.0","0.04","2.44","6.42","17.2","78.79","169.88","131.37","133.84","86.16","1.66","11.88"
"58","1994","20","Telangana","Mahabubnagar","3.42","3.6","0.0","21.87","6.68","84.21","169.44","147.21","71.7","174.81","27.45","0.56"
"58","1995","20","Telangana","Mahabubnagar","4.14","0.0","14.4","7.09","61.89","112.99","215.97","159.19","197.84","202.55","16.06","0.04"
"58","1996","20","Telangana","Mahabubnagar","0.01","0.4","0.08","35.49","11.28","106.57","183.68","238.53","169.06","87.56","34.75","2.91"
"58","1997","20","Telangana","Mahabubnagar","1.45","0.0","5.08","36.13","11.38","44.01","170.44","147.28","140.73","73.59","28.48","25.27"
"58","1998","20","Telangana","Mahabubnagar","0.33","0.03","0.22","8.84","17.07","50.64","223.19","216.13","174.99","150.86","8.42","1.02"
"58","1999","20","Telangana","Mahabubnagar","0.0","1.08","0.0","7.33","53.55","52.17","156.8","95.04","128.58","39.66","1.44","0.49"
"58","2000","20","Telangana","Mahabubnagar","0.0","11.35","0.32","11.14","41.04","177.6","146.34","341.2","106.33","32.0","2.06","1.56"
"58","2001","20","Telangana","Mahabubnagar","1.94","0.0","13.29","10.35","3.54","154.52","62.98","178.45","121.8","97.47","4.11","0.8"
"58","2002","20","Telangana","Mahabubnagar","2.27","0.18","3.46","2.05","47.75","131.3","63.89","158.44","54.69","81.65","3.63","0.16"
"58","2003","20","Telangana","Mahabubnagar","0.1","3.29","4.36","17.77","1.45","69.1","229.44","114.05","79.23","111.9","0.67","0.41"
"58","2004","20","Telangana","Mahabubnagar","1.2","0.34","7.04","33.31","27.79","46.81","212.99","73.43","202.33","56.76","1.91","0.02"
"58","2005","20","Telangana","Mahabubnagar","0.54","2.94","4.91","18.74","19.84","87.44","324.94","110.94","286.24","156.59","2.85","0.97"
"58","2006","20","Telangana","Mahabubnagar","0.0","0.0","15.84","41.39","65.07","93.23","180.73","170.0","212.08","55.71","37.0","0.04"
"58","2007","20","Telangana","Mahabubnagar","0.0","0.54","0.0","18.25","9.65","119.85","142.33","201.66","288.65","27.22","16.01","1.32"
"58","2008","20","Telangana","Mahabubnagar","0.06","21.11","23.04","11.38","13.05","53.9","135.03","342.57","209.39","41.94","33.88","0.61"
"58","2009","20","Telangana","Mahabubnagar","0.03","0.0","1.62","13.8","25.96","79.98","75.27","248.57","188.38","50.75","24.52","5.63"
"58","2010","20","Telangana","Mahabubnagar","1.28","0.76","0.33","11.97","23.02","132.36","305.88","175.59","303.79","62.24","37.35","21.64"
"58","2011","20","Telangana","Mahabubnagar","0.01","10.13","0.45","13.63","9.74","47.56","193.63","190.2","104.8","57.44","7.07","0.65"
"58","2012","20","Telangana","Mahabubnagar","0.86","0.0","0.0","12.64","10.76","99.13","202.97","130.79","147.17","63.33","27.85","0.82"
"58","2013","20","Telangana","Mahabubnagar","0.03","6.97","1.12","45.37","14.06","170.12","203.75","102.98","194.86","150.72","12.5","0.15"
"58","2014","20","Telangana","Mahabubnagar","0.0","0.52","11.13","8.77","26.56","74.79","185.24","142.19","109.1","45.4","28.71","2.66"
"58","2015","20","Telangana","Mahabubnagar","0.23","0.03","7.61","61.47","11.75","147.44","59.38","73.42","148.7","47.77","9.15","0.57"
"59","1958","20","Telangana","Nalgonda","3.37","4.61","4.29","39.94","14.82","65.08","241.04","154.04","154.04","77.15","28.39","0.0"
"59","1959","20","Telangana","Nalgonda","0.0","1.18","0.0","27.88","29.46","138.23","239.54","188.55","130.9","59.01","4.74","1.25"
"59","1960","20","Telangana","Nalgonda","0.01","0.0","25.22","2.07","31.55","107.84","119.01","53.8","317.23","34.42","15.9","11.89"
"59","1961","20","Telangana","Nalgonda","3.57","3.02","2.38","6.8","27.7","133.96","227.2","138.35","129.48","188.11","12.06","0.07"
"59","1962","20","Telangana","Nalgonda","52.09","40.65","33.4","28.51","24.94","22.2","45.06","69.29","207.49","180.31","139.85","112.53"
"59","1963","20","Telangana","Nalgonda","0.0","0.01","3.72","61.61","10.94","142.41","143.11","195.68","118.5","121.28","0.0","0.69"
"59","1964","20","Telangana","Nalgonda","0.07","0.0","0.68","12.32","10.4","99.4","130.72","101.89","361.46","57.38","10.27","0.0"
"59","1965","20","Telangana","Nalgonda","0.44","0.06","5.87","15.39","16.04","66.49","260.04","90.54","218.73","4.28","1.22","2.69"
"59","1966","20","Telangana","Nalgonda","37.62","31.54","27.23","24.0","21.48","19.45","58.49","59.0","120.48","86.79","61.99","48.04"
"59","1967","20","Telangana","Nalgonda","1.54","0.0","41.48","14.41","2.74","103.23","277.69","89.34","178.28","13.81","0.23","36.88"
"59","1968","20","Telangana","Nalgonda","4.36","6.2","9.09","12.34","11.42","64.13","145.31","20.07","305.86","72.87","10.91","4.12"
"59","1969","20","Telangana","Nalgonda","1.62","0.0","1.23","8.52","85.96","79.25","179.95","100.2","219.83","85.79","50.59","55.64"
"59","1970","20","Telangana","Nalgonda","50.1","38.9","32.19","27.6","24.22","32.58","29.82","113.53","156.91","117.43","76.78","54.9"
"59","1971","20","Telangana","Nalgonda","42.27","34.66","29.5","25.73","22.85","20.56","18.7","17.38","61.29","53.9","41.83","34.43"
"59","1972","20","Telangana","Nalgonda","29.36","25.64","22.78","20.51","18.66","17.13","15.83","14.72","13.76","14.23","13.25","12.41"
"59","1973","20","Telangana","Nalgonda","11.68","11.04","10.47","9.97","9.51","9.09","10.52","39.37","36.07","65.4","47.24","36.55"
"59","1974","20","Telangana","Nalgonda","0.0","0.05","1.67","15.24","32.39","71.99","73.95","97.91","221.84","168.97","10.47","0.22"
"59","1975","20","Telangana","Nalgonda","3.0","9.2","15.24","5.62","26.55","94.14","163.18","136.43","389.1","174.84","21.59","0.16"
"59","1976","20","Telangana","Nalgonda","0.0","0.0","0.02","13.47","13.73","82.31","310.98","156.68","87.71","21.21","45.26","0.19"
"59","1977","20","Telangana","Nalgonda","0.29","0.06","2.35","15.66","47.28","75.66","129.43","124.99","53.14","78.93","60.87","7.61"
"59","1978","20","Telangana","Nalgonda","6.55","13.08","5.94","13.8","42.41","175.63","220.25","258.34","231.5","52.18","32.88","5.6"
"59","1979","20","Telangana","Nalgonda","6.55","10.5","0.24","23.02","72.42","78.41","71.38","60.36","281.75","25.11","43.49","4.37"
"59","1980","20","Telangana","Nalgonda","0.76","0.0","12.42","15.71","15.65","163.56","129.45","158.43","135.36","21.98","7.31","15.88"
"59","1981","20","Telangana","Nalgonda","4.85","0.0","34.99","23.88","29.87","118.79","186.35","130.34","267.84","119.54","7.13","4.43"
"59","1982","20","Telangana","Nalgonda","0.46","0.0","3.34","23.25","33.92","97.11","191.11","98.09","168.81","77.72","22.56","0.0"
"59","1983","20","Telangana","Nalgonda","0.0","0.98","2.24","6.24","28.43","87.59","156.87","236.01","275.69","153.1","5.25","21.64"
"59","1984","20","Telangana","Nalgonda","1.38","2.88","7.56","21.02","5.29","75.55","170.09","69.48","141.29","88.25","5.29","2.06"
"59","1985","20","Telangana","Nalgonda","6.59","0.01","13.11","3.08","7.51","102.61","144.07","82.67","68.15","109.95","0.86","31.79"
"59","1986","20","Telangana","Nalgonda","11.98","11.18","0.13","40.91","9.86","121.19","108.99","192.74","65.76","19.58","33.98","29.14"
"59","1987","20","Telangana","Nalgonda","2.56","0.09","40.47","47.77","14.91","65.93","131.04","154.57","88.82","117.97","41.85","18.32"
"59","1988","20","Telangana","Nalgonda","0.0","18.91","0.14","34.42","6.86","68.05","309.53","181.82","273.92","23.98","1.88","41.33"
"59","1989","20","Telangana","Nalgonda","0.0","0.0","32.47","0.78","19.56","116.24","375.64","138.35","190.21","68.42","5.5","6.95"
"59","1990","20","Telangana","Nalgonda","0.66","9.24","37.46","1.28","152.63","121.95","103.53","175.29","158.92","96.69","22.93","2.63"
"59","1991","20","Telangana","Nalgonda","5.48","0.12","0.42","9.45","19.72","193.59","112.39","147.21","241.39","59.39","35.9","3.69"
"59","1992","20","Telangana","Nalgonda","0.39","0.0","0.0","4.84","26.21","79.92","89.64","186.67","179.18","57.27","38.78","0.15"
"59","1993","20","Telangana","Nalgonda","0.02","0.14","1.22","7.0","20.61","70.0","147.49","112.46","146.91","106.81","1.31","9.69"
"59","1994","20","Telangana","Nalgonda","7.94","6.13","0.0","23.06","7.72","83.78","189.96","137.99","84.32","218.72","47.86","0.44"
"59","1995","20","Telangana","Nalgonda","8.42","0.0","24.39","7.19","91.25","109.02","212.04","143.35","218.66","253.88","20.88","0.05"
"59","1996","20","Telangana","Nalgonda","0.14","0.98","0.5","41.8","6.07","135.25","191.53","210.96","167.6","124.22","45.64","7.6"
"59","1997","20","Telangana","Nalgonda","2.91","0.0","9.02","44.2","11.48","35.7","177.38","122.58","216.37","77.06","41.45","47.94"
"59","1998","20","Telangana","Nalgonda","1.9","1.31","1.17","14.49","12.36","55.01","192.35","183.06","194.84","194.28","16.84","0.38"
"59","1999","20","Telangana","Nalgonda","0.0","0.93","0.02","7.2","56.69","54.98","141.59","96.86","130.92","50.68","0.35","0.15"
"59","2000","20","Telangana","Nalgonda","0.0","19.98","0.49","10.99","46.33","222.62","143.87","332.89","97.57","27.18","2.23","2.12"
"59","2001","20","Telangana","Nalgonda","4.0","0.0","22.0","14.98","7.49","171.04","57.47","188.73","125.69","124.05","8.15","0.92"
"59","2002","20","Telangana","Nalgonda","5.97","0.13","5.65","4.81","54.91","130.47","63.51","162.68","55.27","98.32","5.27","0.08"
"59","2003","20","Telangana","Nalgonda","0.55","4.92","7.84","17.35","1.64","65.79","222.5","107.92","102.73","139.34","0.27","6.83"
"59","2004","20","Telangana","Nalgonda","4.76","0.57","11.07","37.92","29.74","54.45","183.28","65.77","267.57","73.77","1.66","0.0"
"59","2005","20","Telangana","Nalgonda","2.32","3.78","8.29","17.42","25.72","70.7","289.12","87.38","314.39","200.39","3.37","0.77"
"59","2006","20","Telangana","Nalgonda","0.0","0.0","21.3","58.5","75.49","97.25","172.08","151.84","225.14","109.51","56.85","0.0"
"59","2007","20","Telangana","Nalgonda","0.0","1.03","0.06","16.73","8.7","144.0","131.61","178.93","278.18","40.85","17.99","1.37"
"59","2008","20","Telangana","Nalgonda","0.19","27.24","15.02","9.84","12.82","61.44","127.89","313.88","220.82","40.53","47.16","0.0"
"59","2009","20","Telangana","Nalgonda","0.01","0.0","1.27","14.51","43.73","73.93","71.27","233.86","159.9","51.0","31.98","8.96"
"59","2010","20","Telangana","Nalgonda","2.99","1.07","0.93","25.06","42.22","127.86","300.85","174.57","367.11","96.91","52.6","45.67"
"59","2011","20","Telangana","Nalgonda","0.0","14.97","0.75","19.89","14.14","51.37","191.43","158.38","88.2","53.16","7.91","0.92"
"59","2012","20","Telangana","Nalgonda","4.65","0.03","0.01","13.67","17.8","119.55","197.31","127.57","179.1","90.03","38.11","0.32"
"59","2013","20","Telangana","Nalgonda","0.09","11.63","0.86","62.9","14.83","179.82","191.61","95.38","167.14","209.04","16.5","0.11"
"59","2014","20","Telangana","Nalgonda","0.0","0.72","17.86","10.4","31.54","61.44","180.9","138.18","131.56","41.14","35.29","2.74"
"59","2015","20","Telangana","Nalgonda","0.14","0.14","9.68","72.78","9.56","193.35","52.05","84.92","178.67","58.24","9.96","1.51"
"60","1958","20","Telangana","Warangal","4.49","7.13","5.54","44.12","15.59","79.55","372.15","224.18","133.38","59.31","20.54","0.0"
"60","1959","20","Telangana","Warangal","0.04","1.31","0.0","24.89","30.96","201.41","395.49","283.05","145.91","57.34","4.34","1.46"
"60","1960","20","Telangana","Warangal","0.01","0.0","34.19","2.54","21.89","150.21","198.98","86.73","270.43","46.43","11.09","9.67"
"60","1961","20","Telangana","Warangal","2.81","3.72","2.53","6.51","26.09","169.69","338.32","187.99","166.75","170.42","15.34","0.02"
"60","1962","20","Telangana","Warangal","130.86","101.39","71.59","56.7","46.35","39.46","161.34","248.78","290.31","256.98","218.45","192.43"
"60","1963","20","Telangana","Warangal","0.0","0.0","5.16","60.67","14.07","192.89","217.88","278.71","119.27","111.04","0.0","0.0"
"60","1964","20","Telangana","Warangal","0.16","0.23","1.26","9.9","6.18","112.46","181.54","168.2","365.43","47.63","7.95","0.0"
"60","1965","20","Telangana","Warangal","1.08","0.03","6.47","20.62","13.04","92.88","400.46","137.9","240.4","3.2","0.22","0.06"
"60","1966","20","Telangana","Warangal","87.05","65.36","51.66","43.05","37.03","32.56","174.08","220.65","273.0","219.44","168.67","139.7"
"60","1967","20","Telangana","Warangal","3.15","0.0","55.02","17.35","1.43","152.54","395.28","141.6","171.47","9.73","0.01","44.59"
"60","1968","20","Telangana","Warangal","5.86","10.0","9.74","14.65","11.67","80.24","212.73","34.73","289.88","66.34","9.91","3.04"
"60","1969","20","Telangana","Warangal","2.51","0.0","1.9","8.52","77.26","150.83","284.38","145.1","265.13","68.69","54.14","42.74"
"60","1970","20","Telangana","Warangal","127.88","91.9","67.14","53.08","44.12","99.65","118.71","263.77","280.56","222.44","169.15","132.81"
"60","1971","20","Telangana","Warangal","101.16","77.69","58.88","47.7","40.33","36.25","33.63","45.44","66.94","63.6","51.23","42.95"
"60","1972","20","Telangana","Warangal","36.94","32.41","28.93","26.15","23.88","21.99","29.05","26.59","24.8","22.78","20.93","19.3"
"60","1973","20","Telangana","Warangal","17.94","16.79","15.79","14.92","14.14","13.45","79.02","187.99","175.82","236.91","184.1","139.46"
"60","1974","20","Telangana","Warangal","0.0","0.25","0.96","20.28","37.15","106.06","138.03","138.12","177.27","162.61","13.7","0.0"
"60","1975","20","Telangana","Warangal","4.51","13.8","14.61","9.24","29.3","123.4","260.74","178.87","404.59","136.07","12.77","0.01"
"60","1976","20","Telangana","Warangal","0.02","0.0","0.42","13.55","18.25","84.66","479.39","202.37","100.24","11.61","29.11","0.05"
"60","1977","20","Telangana","Warangal","0.0","0.02","1.8","16.95","61.86","93.05","222.32","154.02","72.05","52.34","50.75","10.44"
"60","1978","20","Telangana","Warangal","9.92","16.09","6.62","11.72","35.21","284.22","345.39","343.39","168.57","43.7","29.82","1.81"
"60","1979","20","Telangana","Warangal","9.92","13.16","0.22","31.44","53.56","108.5","116.27","97.37","272.98","23.19","37.48","4.28"
"60","1980","20","Telangana","Warangal","1.07","0.01","15.45","17.65","13.22","237.42","194.9","236.42","138.06","14.83","3.04","17.47"
"60","1981","20","Telangana","Warangal","7.02","0.0","42.09","16.33","27.35","186.39","267.44","206.59","266.29","75.1","5.14","5.83"
"60","1982","20","Telangana","Warangal","0.44","0.06","6.74","25.54","33.77","126.52","322.32","170.93","178.71","87.3","20.23","0.0"
"60","1983","20","Telangana","Warangal","0.0","2.04","3.07","5.91","36.61","135.39","263.8","336.36","304.75","159.16","3.94","20.88"
"60","1984","20","Telangana","Warangal","2.74","2.55","5.45","18.83","6.77","96.35","266.95","87.21","177.52","82.79","2.5","0.63"
"60","1985","20","Telangana","Warangal","10.86","0.1","10.99","4.74","9.46","154.78","227.67","143.88","89.0","111.61","1.06","23.21"
"60","1986","20","Telangana","Warangal","15.45","14.89","0.37","37.1","11.9","160.68","186.05","277.69","78.1","17.87","31.94","24.14"
"60","1987","20","Telangana","Warangal","3.72","0.39","36.68","46.08","19.32","91.21","194.39","212.6","88.62","98.68","38.71","13.52"
"60","1988","20","Telangana","Warangal","0.0","19.16","0.53","34.71","13.14","98.05","459.19","235.66","288.85","26.18","4.06","29.13"
"60","1989","20","Telangana","Warangal","0.0","0.0","33.95","1.22","22.98","150.19","519.46","202.82","194.06","49.58","3.51","6.57"
"60","1990","20","Telangana","Warangal","0.91","15.77","38.15","2.03","135.9","173.5","180.92","261.74","160.94","109.1","18.25","6.0"
"60","1991","20","Telangana","Warangal","8.04","0.33","1.28","11.81","20.47","243.41","201.48","192.56","239.78","54.24","33.71","2.73"
"60","1992","20","Telangana","Warangal","0.84","0.04","0.0","4.5","25.98","104.92","168.57","254.52","188.61","51.66","30.9","0.0"
"60","1993","20","Telangana","Warangal","0.12","0.71","4.37","9.82","22.9","98.99","234.51","146.82","177.04","107.95","0.68","5.81"
"60","1994","20","Telangana","Warangal","10.03","7.6","0.0","24.32","15.22","110.11","346.19","193.85","119.84","177.46","34.04","0.15"
"60","1995","20","Telangana","Warangal","13.68","0.01","27.89","9.2","73.31","138.31","335.74","182.22","228.4","202.16","14.55","0.0"
"60","1996","20","Telangana","Warangal","0.69","1.75","1.74","39.52","5.07","175.02","275.89","261.55","169.84","107.82","32.28","5.6"
"60","1997","20","Telangana","Warangal","4.54","0.0","9.29","43.62","11.99","48.86","255.53","163.7","220.92","63.74","43.42","42.79"
"60","1998","20","Telangana","Warangal","2.95","5.11","3.57","15.91","16.23","83.21","290.05","226.53","209.94","166.06","31.61","0.0"
"60","1999","20","Telangana","Warangal","0.0","2.04","0.11","5.48","54.77","91.48","200.05","167.43","149.15","60.41","0.1","0.0"
"60","2000","20","Telangana","Warangal","0.0","21.75","0.4","10.5","39.65","286.11","224.5","400.25","99.95","23.3","1.35","1.36"
"60","2001","20","Telangana","Warangal","5.5","0.0","21.11","19.94","16.58","215.66","123.46","262.01","125.97","111.57","12.7","0.74"
"60","2002","20","Telangana","Warangal","10.03","0.45","5.33","11.86","46.42","174.76","109.39","232.62","65.09","74.96","3.23","0.0"
"60","2003","20","Telangana","Warangal","0.93","6.64","11.75","15.58","2.45","86.76","348.56","163.77","114.61","138.33","0.33","16.64"
"60","2004","20","Telangana","Warangal","9.69","1.25","9.39","32.08","28.12","92.94","284.6","109.92","147.66","68.92","3.07","0.0"
"60","2005","20","Telangana","Warangal","5.17","5.3","8.67","16.82","25.06","101.11","404.74","126.55","329.98","180.47","2.13","0.15"
"60","2006","20","Telangana","Warangal","0.0","0.0","24.15","55.98","68.27","120.94","293.75","204.71","248.92","78.31","50.03","0.0"
"60","2007","20","Telangana","Warangal","0.0","1.81","0.28","15.61","10.26","192.11","206.17","237.66","260.39","41.44","13.26","1.95"
"60","2008","20","Telangana","Warangal","0.64","29.61","15.18","9.48","13.08","100.23","221.84","375.36","233.67","32.62","31.71","0.0"
"60","2009","20","Telangana","Warangal","0.0","0.0","2.36","11.79","46.47","96.97","169.46","283.39","153.95","51.49","27.69","6.29"
"60","2010","20","Telangana","Warangal","5.15","1.58","3.35","27.13","36.14","161.7","449.4","257.76","371.13","93.64","50.39","33.82"
"60","2011","20","Telangana","Warangal","0.0","16.61","0.84","25.75","22.93","72.8","275.84","209.69","131.39","35.62","4.97","0.43"
"60","2012","20","Telangana","Warangal","7.2","0.15","0.09","18.84","19.57","148.75","329.68","195.92","223.16","70.31","30.09","0.0"
"60","2013","20","Telangana","Warangal","0.53","13.06","0.57","59.53","13.18","260.59","296.88","137.17","162.58","193.11","11.7","0.0"
"60","2014","20","Telangana","Warangal","0.07","1.92","20.32","13.8","31.51","77.45","291.95","180.21","188.95","39.19","24.36","1.78"
"60","2015","20","Telangana","Warangal","0.66","0.65","14.92","68.84","15.3","273.85","87.67","151.15","231.08","42.56","6.27","0.99"
"61","1958","20","Telangana","Khammam","2.9","1.76","2.62","50.6","19.58","101.74","506.45","269.69","163.98","135.37","25.09","0.0"
"61","1959","20","Telangana","Khammam","0.2","7.61","0.0","72.17","30.36","199.74","516.33","354.6","184.38","110.15","1.36","0.82"
"61","1960","20","Telangana","Khammam","0.23","0.0","19.69","2.3","19.71","194.2","309.83","115.47","292.96","59.03","7.33","10.24"
"61","1961","20","Telangana","Khammam","2.17","10.41","2.4","2.83","20.34","227.41","387.23","281.63","229.71","167.0","14.21","0.61"
"61","1962","20","Telangana","Khammam","179.28","137.68","92.96","73.44","58.54","50.37","276.22","323.52","333.35","327.11","280.52","241.32"
"61","1963","20","Telangana","Khammam","0.0","0.0","4.56","91.52","18.38","189.45","265.99","337.2","118.68","160.87","0.01","0.0"
"61","1964","20","Telangana","Khammam","0.01","0.98","0.8","10.73","7.28","139.92","239.77","245.52","451.24","54.25","10.45","0.14"
"61","1965","20","Telangana","Khammam","0.8","0.82","4.64","49.68","23.9","108.65","377.71","208.99","227.52","12.47","1.84","0.42"
"61","1966","20","Telangana","Khammam","111.19","81.42","63.27","52.13","44.5","38.89","294.92","319.76","329.07","272.12","222.05","179.0"
"61","1967","20","Telangana","Khammam","3.37","0.0","51.84","51.72","3.38","139.8","444.74","175.69","206.65","19.79","0.24","28.86"
"61","1968","20","Telangana","Khammam","3.47","5.94","6.25","31.05","15.73","70.62","269.3","49.57","244.55","82.33","21.83","8.48"
"61","1969","20","Telangana","Khammam","0.78","0.0","1.24","3.48","134.94","152.01","358.48","173.6","202.56","156.24","44.01","47.98"
"61","1970","20","Telangana","Khammam","189.84","138.65","95.76","71.94","57.75","111.66","198.94","319.59","323.25","298.37","239.34","194.05"
"61","1971","20","Telangana","Khammam","148.28","110.84","79.69","65.83","53.92","49.9","59.24","112.65","167.92","160.7","125.03","98.04"
"61","1972","20","Telangana","Khammam","76.56","60.33","49.46","42.24","37.0","34.64","83.38","80.6","85.45","109.12","91.67","71.88"
"61","1973","20","Telangana","Khammam","55.93","45.17","38.38","33.62","30.04","27.22","118.82","224.61","221.9","260.28","210.57","166.8"
"61","1974","20","Telangana","Khammam","0.0","1.89","0.82","19.64","32.21","129.47","194.6","180.07","227.41","180.34","15.33","0.02"
"61","1975","20","Telangana","Khammam","0.53","3.75","3.26","5.35","33.34","203.51","325.86","230.75","343.74","157.09","10.69","0.41"
"61","1976","20","Telangana","Khammam","0.01","0.0","0.4","9.95","20.19","77.05","523.74","284.36","100.64","32.38","59.27","0.33"
"61","1977","20","Telangana","Khammam","0.1","0.0","2.36","49.1","58.84","121.26","260.93","255.8","69.5","67.92","60.59","9.86"
"61","1978","20","Telangana","Khammam","4.7","8.33","8.26","15.85","27.47","296.88","398.7","456.02","222.17","49.52","19.42","4.09"
"61","1979","20","Telangana","Khammam","4.7","8.09","0.29","38.14","81.14","110.11","144.23","105.97","287.25","34.17","39.21","8.04"
"61","1980","20","Telangana","Khammam","0.75","0.0","9.42","15.01","24.64","277.29","292.56","285.49","142.9","52.04","10.24","12.24"
"61","1981","20","Telangana","Khammam","6.91","0.0","33.41","24.7","37.85","163.74","387.74","205.98","226.67","103.12","8.13","5.02"
"61","1982","20","Telangana","Khammam","0.18","0.11","4.11","35.86","37.66","123.08","340.9","239.89","150.31","90.01","16.4","0.0"
"61","1983","20","Telangana","Khammam","0.01","3.62","4.33","6.72","32.68","164.04","315.39","383.62","299.8","155.8","5.54","16.39"
"61","1984","20","Telangana","Khammam","2.79","4.24","5.62","23.08","21.31","95.02","299.38","96.77","159.66","88.39","4.54","0.77"
"61","1985","20","Telangana","Khammam","9.89","0.02","4.94","2.68","15.58","160.17","250.35","236.6","117.02","159.64","2.29","24.59"
"61","1986","20","Telangana","Khammam","10.92","14.2","0.55","49.87","22.73","145.45","220.43","392.29","79.39","27.63","37.32","12.63"
"61","1987","20","Telangana","Khammam","1.1","0.06","37.57","104.73","20.18","80.96","208.79","272.69","99.64","121.01","33.05","13.92"
"61","1988","20","Telangana","Khammam","0.0","7.48","0.45","41.11","21.93","96.22","610.62","314.49","303.13","30.5","3.82","24.18"
"61","1989","20","Telangana","Khammam","0.0","0.0","31.79","1.95","42.67","157.66","639.07","282.75","213.15","47.73","4.63","3.24"
"61","1990","20","Telangana","Khammam","0.37","23.76","46.6","3.92","175.69","171.21","218.26","331.89","191.89","139.51","16.8","6.67"
"61","1991","20","Telangana","Khammam","7.62","0.06","1.66","10.4","32.48","281.08","235.91","226.38","304.38","88.43","46.38","3.19"
"61","1992","20","Telangana","Khammam","0.8","0.06","0.0","4.25","24.6","99.26","233.67","296.94","229.07","80.93","40.8","0.01"
"61","1993","20","Telangana","Khammam","0.14","0.18","3.03","15.53","34.92","91.01","250.28","159.51","179.09","140.51","1.26","4.76"
"61","1994","20","Telangana","Khammam","4.99","6.86","0.0","20.63","23.26","99.56","515.13","218.18","124.85","198.05","45.18","0.23"
"61","1995","20","Telangana","Khammam","8.7","0.0","17.86","11.7","125.95","130.47","401.89","228.54","249.15","232.52","9.81","0.0"
"61","1996","20","Telangana","Khammam","0.42","2.15","1.52","42.68","6.62","285.87","342.34","267.53","169.21","154.98","17.2","8.69"
"61","1997","20","Telangana","Khammam","3.0","0.0","12.3","50.49","12.64","58.37","323.44","194.64","329.35","59.15","41.95","33.8"
"61","1998","20","Telangana","Khammam","3.39","6.41","2.86","35.05","19.48","105.99","345.01","249.7","235.46","193.9","33.72","0.03"
"61","1999","20","Telangana","Khammam","0.0","0.41","0.12","6.59","55.75","123.05","239.09","218.99","121.45","79.4","0.17","0.01"
"61","2000","20","Telangana","Khammam","0.0","21.42","0.19","15.03","46.98","341.83","290.89","471.13","132.39","36.92","1.42","0.67"
"61","2001","20","Telangana","Khammam","1.72","0.0","10.11","28.39","25.26","180.44","183.19","342.84","148.46","124.93","21.2","1.16"
"61","2002","20","Telangana","Khammam","6.37","0.15","2.99","27.41","64.14","148.64","143.97","304.78","57.16","99.99","5.2","0.0"
"61","2003","20","Telangana","Khammam","1.17","4.57","12.36","12.13","5.42","85.55","397.92","197.9","145.37","180.2","0.26","23.56"
"61","2004","20","Telangana","Khammam","6.23","1.33","4.34","25.9","41.64","135.25","312.81","156.15","185.01","97.66","2.23","0.0"
"61","2005","20","Telangana","Khammam","2.58","3.8","5.85","14.92","42.27","89.64","404.23","150.35","381.87","227.2","4.72","0.26"
"61","2006","20","Telangana","Khammam","0.0","0.0","19.9","83.04","83.36","149.49","337.44","204.95","233.21","188.83","53.67","0.0"
"61","2007","20","Telangana","Khammam","0.0","2.62","0.14","12.97","13.94","253.2","298.02","277.14","230.0","81.23","7.92","2.35"
"61","2008","20","Telangana","Khammam","0.59","21.05","9.14","8.64","13.93","135.26","327.09","406.26","234.76","30.48","27.38","0.0"
"61","2009","20","Telangana","Khammam","0.0","0.0","2.22","8.7","87.42","109.19","230.24","300.16","146.94","44.67","22.48","3.15"
"61","2010","20","Telangana","Khammam","3.03","0.97","3.19","76.84","78.2","157.16","520.7","319.97","469.11","168.2","48.61","29.3"
"61","2011","20","Telangana","Khammam","0.0","17.39","0.32","49.39","43.01","91.95","359.12","219.87","123.99","35.02","3.94","0.77"
"61","2012","20","Telangana","Khammam","8.51","0.05","0.14","28.2","40.74","153.44","368.99","276.99","252.38","107.55","26.48","0.02"
"61","2013","20","Telangana","Khammam","0.06","14.77","0.33","82.77","24.89","256.38","347.23","157.79","147.97","230.49","13.06","0.01"
"61","2014","20","Telangana","Khammam","0.0","0.68","12.86","16.01","46.1","73.53","372.13","247.87","245.79","68.31","13.35","1.26"
"61","2015","20","Telangana","Khammam","0.04","0.55","11.6","68.33","19.99","337.28","127.29","234.0","257.78","53.74","13.72","1.63"
"62","1958","20","Telangana","Karimnagar","3.64","11.5","7.64","42.05","10.76","71.04","376.87","266.98","109.72","40.37","15.42","0.0"
"62","1959","20","Telangana","Karimnagar","0.13","2.95","0.01","11.04","15.93","214.17","397.2","283.82","205.95","40.63","5.2","1.47"
"62","1960","20","Telangana","Karimnagar","0.27","0.0","40.63","3.76","14.88","150.5","193.24","88.72","259.2","51.66","9.99","7.08"
"62","1961","20","Telangana","Karimnagar","2.0","1.78","2.4","10.73","21.15","139.99","327.96","191.33","178.63","136.85","10.94","0.03"
"62","1962","20","Telangana","Karimnagar","112.63","85.74","63.29","50.81","41.47","35.38","148.71","245.19","268.69","219.75","183.71","170.21"
"62","1963","20","Telangana","Karimnagar","0.0","0.16","5.87","41.75","12.63","187.99","220.88","299.86","132.23","91.12","0.0","0.0"
"62","1964","20","Telangana","Karimnagar","0.56","0.54","2.24","6.5","3.02","100.16","203.1","190.01","358.95","37.72","7.11","0.0"
"62","1965","20","Telangana","Karimnagar","3.66","0.16","3.99","12.4","5.45","110.9","405.42","139.64","304.05","0.62","0.0","0.12"
"62","1966","20","Telangana","Karimnagar","76.91","59.92","46.83","38.9","33.46","29.43","176.72","233.04","267.76","205.07","151.44","130.69"
"62","1967","20","Telangana","Karimnagar","3.01","0.06","61.84","7.38","0.59","161.53","379.63","158.7","148.81","4.74","0.11","63.02"
"62","1968","20","Telangana","Karimnagar","16.42","18.68","21.9","15.53","4.51","92.03","194.53","41.9","290.66","43.45","11.37","1.03"
"62","1969","20","Telangana","Karimnagar","5.19","0.0","1.65","12.02","32.45","144.72","280.32","141.26","320.16","27.36","47.12","26.47"
"62","1970","20","Telangana","Karimnagar","104.66","77.98","58.81","46.67","38.92","95.38","111.12","262.0","268.14","200.47","149.3","113.18"
"62","1971","20","Telangana","Karimnagar","84.81","66.66","51.69","42.01","35.67","32.32","30.36","52.47","58.65","54.06","44.94","38.21"
"62","1972","20","Telangana","Karimnagar","32.9","28.73","25.52","23.03","21.03","19.37","30.9","29.56","27.39","24.46","22.18","19.98"
"62","1973","20","Telangana","Karimnagar","18.21","16.78","15.6","14.59","13.73","12.98","100.89","242.57","230.78","265.33","205.02","153.92"
"62","1974","20","Telangana","Karimnagar","0.0","1.08","0.62","19.65","26.94","112.17","140.87","149.66","148.85","152.31","10.98","0.0"
"62","1975","20","Telangana","Karimnagar","15.36","24.1","24.86","10.04","18.27","123.38","267.04","166.09","424.77","109.39","7.67","0.0"
"62","1976","20","Telangana","Karimnagar","0.44","0.0","1.27","16.15","13.98","68.19","470.6","186.09","134.21","4.79","18.72","0.05"
"62","1977","20","Telangana","Karimnagar","0.0","0.05","3.7","14.28","45.98","98.1","246.56","180.06","94.88","33.92","46.28","7.41"
"62","1978","20","Telangana","Karimnagar","20.49","22.8","5.48","14.83","20.1","264.58","367.12","295.18","138.61","33.52","30.13","0.66"
"62","1979","20","Telangana","Karimnagar","20.49","26.89","0.17","22.23","41.15","123.14","136.38","123.28","284.6","16.93","34.41","5.56"
"62","1980","20","Telangana","Karimnagar","2.13","0.17","13.64","16.35","7.32","230.32","194.38","244.37","143.58","8.41","1.57","16.26"
"62","1981","20","Telangana","Karimnagar","10.65","0.01","39.14","8.77","16.8","206.04","237.86","244.5","310.79","36.36","1.65","3.61"
"62","1982","20","Telangana","Karimnagar","3.27","0.7","6.47","19.33","20.69","113.17","342.8","164.96","211.5","95.37","19.79","0.0"
"62","1983","20","Telangana","Karimnagar","0.0","2.21","4.43","4.35","28.06","139.54","292.1","368.86","373.09","138.07","4.04","22.55"
"62","1984","20","Telangana","Karimnagar","2.93","4.65","2.63","18.54","2.34","100.24","289.69","88.37","195.53","62.76","0.9","0.23"
"62","1985","20","Telangana","Karimnagar","17.28","0.31","13.1","8.35","5.62","167.15","256.17","136.77","86.43","84.96","0.5","18.37"
"62","1986","20","Telangana","Karimnagar","24.73","20.17","0.33","28.93","7.01","173.11","209.72","265.57","90.1","12.29","25.08","31.04"
"62","1987","20","Telangana","Karimnagar","10.21","1.39","31.66","23.05","15.79","106.57","203.28","221.75","85.38","79.97","41.43","11.71"
"62","1988","20","Telangana","Karimnagar","0.0","27.63","1.03","32.47","8.71","106.71","425.1","229.81","329.64","24.39","5.83","27.08"
"62","1989","20","Telangana","Karimnagar","0.0","0.0","37.47","0.95","11.78","148.09","471.71","198.6","194.2","39.43","2.27","10.54"
"62","1990","20","Telangana","Karimnagar","2.03","13.48","29.36","1.42","86.73","193.1","197.45","276.62","147.1","95.46","14.98","7.43"
"62","1991","20","Telangana","Karimnagar","11.16","1.11","1.24","14.29","10.31","218.64","224.39","199.43","195.76","33.86","24.15","1.95"
"62","1992","20","Telangana","Karimnagar","1.21","0.03","0.0","4.05","20.74","108.49","164.92","275.91","184.3","37.7","19.69","0.0"
"62","1993","20","Telangana","Karimnagar","0.14","2.37","10.59","8.06","13.55","112.62","263.39","162.11","209.94","92.37","0.32","5.73"
"62","1994","20","Telangana","Karimnagar","21.11","10.93","0.0","27.71","9.2","119.23","346.18","219.59","155.04","149.24","23.38","0.02"
"62","1995","20","Telangana","Karimnagar","27.41","0.03","38.47","8.93","36.09","137.94","352.95","181.5","247.76","152.48","12.62","0.0"
"62","1996","20","Telangana","Karimnagar","1.79","1.99","3.28","34.03","2.88","116.7","267.08","276.84","193.99","88.92","31.36","3.35"
"62","1997","20","Telangana","Karimnagar","8.53","0.0","6.72","39.08","8.54","51.63","243.59","172.55","182.78","61.72","44.53","47.82"
"62","1998","20","Telangana","Karimnagar","4.05","6.75","6.88","10.62","10.95","78.31","285.32","240.22","226.74","129.27","35.56","0.0"
"62","1999","20","Telangana","Karimnagar","0.04","6.16","0.16","4.25","41.17","83.42","197.16","176.37","195.3","61.27","0.04","0.0"
"62","2000","20","Telangana","Karimnagar","0.0","21.61","0.48","7.86","26.55","252.37","233.16","388.05","91.51","16.35","1.01","1.53"
"62","2001","20","Telangana","Karimnagar","13.16","0.0","26.88","19.89","11.9","229.38","120.55","257.26","119.22","100.48","7.78","0.44"
"62","2002","20","Telangana","Karimnagar","19.31","1.4","6.27","8.75","28.08","198.75","104.57","237.8","88.71","57.7","2.09","0.0"
"62","2003","20","Telangana","Karimnagar","0.98","9.66","13.47","15.12","1.25","98.71","350.31","177.1","117.17","99.3","0.51","14.11"
"62","2004","20","Telangana","Karimnagar","19.52","1.39","10.81","28.31","19.09","82.57","294.54","114.13","167.18","50.61","5.26","0.0"
"62","2005","20","Telangana","Karimnagar","14.11","7.06","11.72","16.8","13.15","110.89","420.7","139.59","336.13","141.93","0.94","0.02"
"62","2006","20","Telangana","Karimnagar","0.0","0.0","30.85","41.47","47.45","110.12","318.1","238.65","287.16","37.53","39.6","0.0"
"62","2007","20","Telangana","Karimnagar","0.0","1.7","0.78","16.68","6.33","169.54","207.65","248.91","286.69","23.52","13.07","1.7"
"62","2008","20","Telangana","Karimnagar","1.03","36.06","18.96","9.15","8.98","95.2","212.98","378.48","260.37","31.16","25.55","0.0"
"62","2009","20","Telangana","Karimnagar","0.0","0.0","3.32","10.38","26.1","97.87","190.67","289.49","162.38","52.18","31.01","7.71"
"62","2010","20","Telangana","Karimnagar","10.98","2.33","6.0","12.52","14.38","159.95","454.77","282.28","345.37","60.97","47.8","31.9"
"62","2011","20","Telangana","Karimnagar","0.0","17.91","1.45","26.34","11.92","74.28","262.91","230.48","167.85","27.16","4.11","0.24"
"62","2012","20","Telangana","Karimnagar","9.1","0.4","0.06","14.65","8.55","144.35","353.17","192.6","256.01","48.9","25.83","0.0"
"62","2013","20","Telangana","Karimnagar","2.74","13.7","1.43","46.82","5.93","279.86","322.42","156.48","180.9","160.72","8.6","0.0"
"62","2014","20","Telangana","Karimnagar","0.34","5.34","26.74","13.7","19.38","76.43","301.33","169.41","191.76","24.59","22.27","1.95"
"62","2015","20","Telangana","Karimnagar","3.56","1.31","21.58","65.73","11.21","257.98","86.8","163.74","243.98","30.92","2.63","0.55"
"63","1958","20","Telangana","Adilabad","1.98","5.69","13.54","35.23","9.57","92.7","440.18","407.93","130.15","38.41","14.0","0.0"
"63","1959","20","Telangana","Adilabad","1.01","4.45","0.22","14.05","9.24","243.79","457.12","352.76","324.32","47.29","3.47","0.68"
"63","1960","20","Telangana","Adilabad","2.48","0.0","61.77","5.6","10.2","187.53","290.8","133.99","217.43","55.28","4.67","3.01"
"63","1961","20","Telangana","Adilabad","0.48","0.73","5.58","12.85","21.18","153.06","398.95","308.26","226.24","111.42","3.19","0.34"
"63","1962","20","Telangana","Adilabad","117.74","88.3","64.22","50.38","41.59","35.58","203.96","272.99","273.26","210.29","173.41","162.01"
"63","1963","20","Telangana","Adilabad","0.01","2.72","12.56","33.77","12.07","223.57","264.32","428.63","135.49","81.93","0.0","0.0"
"63","1964","20","Telangana","Adilabad","0.28","0.64","6.34","2.62","0.57","120.04","260.63","314.08","327.73","30.31","4.59","0.0"
"63","1965","20","Telangana","Adilabad","3.58","1.7","3.15","18.21","2.43","151.61","417.05","191.28","313.47","0.77","0.0","0.88"
"63","1966","20","Telangana","Adilabad","82.48","62.87","48.99","40.58","34.8","30.55","256.52","273.26","273.26","200.21","150.04","130.44"
"63","1967","20","Telangana","Adilabad","1.5","0.6","99.22","7.62","1.15","182.65","400.51","204.86","124.74","5.46","1.0","67.04"
"63","1968","20","Telangana","Adilabad","13.21","20.92","63.42","22.1","2.11","114.91","246.53","95.53","276.06","22.85","10.87","0.57"
"63","1969","20","Telangana","Adilabad","2.17","0.0","1.27","11.76","15.67","144.29","362.9","181.27","359.41","13.13","27.03","9.89"
"63","1970","20","Telangana","Adilabad","97.91","72.87","55.19","44.6","37.67","156.67","207.42","273.26","273.26","202.7","153.11","118.46"
"63","1971","20","Telangana","Adilabad","89.68","68.68","52.95","43.12","36.61","45.29","45.91","130.6","133.2","121.8","91.78","71.85"
"63","1972","20","Telangana","Adilabad","57.65","47.08","38.77","33.21","29.2","26.3","63.58","84.82","70.37","55.94","47.18","39.66"
"63","1973","20","Telangana","Adilabad","33.85","29.34","26.01","23.43","21.37","19.67","210.36","273.26","271.31","273.26","210.46","160.53"
"63","1974","20","Telangana","Adilabad","0.0","1.8","1.59","13.77","18.61","126.97","186.38","208.81","104.1","157.69","10.15","0.0"
"63","1975","20","Telangana","Adilabad","8.69","20.98","33.77","5.77","14.81","182.14","347.18","229.0","412.27","77.81","1.36","0.0"
"63","1976","20","Telangana","Adilabad","0.86","0.0","4.92","16.75","10.75","72.77","508.64","238.86","171.82","1.68","20.41","0.01"
"63","1977","20","Telangana","Adilabad","0.0","1.36","8.26","15.0","31.81","123.76","311.34","304.76","111.06","27.42","42.98","2.96"
"63","1978","20","Telangana","Adilabad","13.74","18.78","15.44","21.8","9.06","262.25","461.81","323.62","107.42","27.65","22.59","6.05"
"63","1979","20","Telangana","Adilabad","13.74","30.39","0.74","13.11","34.84","181.52","196.23","222.1","248.76","10.4","26.1","10.39"
"63","1980","20","Telangana","Adilabad","2.1","0.9","13.88","13.24","4.12","272.81","252.49","350.9","140.93","5.06","0.85","18.36"
"63","1981","20","Telangana","Adilabad","8.36","0.27","47.28","5.71","14.1","219.58","302.34","339.33","381.37","21.12","1.39","5.29"
"63","1982","20","Telangana","Adilabad","7.3","2.38","6.28","17.76","17.15","119.41","396.42","190.22","224.43","84.81","11.96","0.0"
"63","1983","20","Telangana","Adilabad","0.05","1.96","9.47","3.04","15.69","176.08","370.55","457.77","391.99","105.8","2.76","17.67"
"63","1984","20","Telangana","Adilabad","3.49","6.94","0.74","19.57","1.75","103.21","334.88","122.87","157.71","52.31","0.1","0.04"
"63","1985","20","Telangana","Adilabad","11.82","0.49","14.21","14.24","4.99","212.93","340.59","205.19","93.06","69.97","0.3","11.06"
"63","1986","20","Telangana","Adilabad","11.58","19.54","0.62","19.31","6.96","203.23","294.37","328.56","98.67","8.91","16.08","28.07"
"63","1987","20","Telangana","Adilabad","7.6","2.58","36.9","11.58","14.84","142.73","233.52","308.44","76.64","64.43","38.75","8.85"
"63","1988","20","Telangana","Adilabad","0.0","16.52","3.01","31.16","8.31","136.22","469.14","291.69","381.3","24.2","7.99","16.92"
"63","1989","20","Telangana","Adilabad","0.0","0.0","63.76","0.75","9.13","169.34","443.15","255.4","184.34","23.29","1.03","13.48"
"63","1990","20","Telangana","Adilabad","1.03","9.1","33.97","1.02","64.34","259.0","266.69","372.5","127.91","90.12","8.14","9.44"
"63","1991","20","Telangana","Adilabad","6.35","1.86","1.96","17.68","5.33","222.14","304.43","247.91","133.99","19.61","15.65","1.1"
"63","1992","20","Telangana","Adilabad","0.75","0.02","0.0","2.97","17.25","118.62","203.58","367.81","188.75","32.32","9.16","0.0"
"63","1993","20","Telangana","Adilabad","0.06","4.01","35.93","6.48","10.26","147.53","344.78","210.05","249.06","85.76","0.12","4.67"
"63","1994","20","Telangana","Adilabad","11.62","11.28","0.0","31.48","7.3","146.27","489.93","315.17","214.61","120.36","12.38","0.0"
"63","1995","20","Telangana","Adilabad","18.05","0.11","74.2","9.5","19.45","145.57","448.21","220.21","272.92","93.64","6.33","0.0"
"63","1996","20","Telangana","Adilabad","1.92","1.84","9.16","23.71","1.4","90.84","302.93","315.76","215.03","82.83","20.19","1.75"
"63","1997","20","Telangana","Adilabad","5.6","0.0","6.27","33.37","6.44","74.78","268.3","223.5","174.82","58.96","45.25","44.87"
"63","1998","20","Telangana","Adilabad","2.87","7.39","19.85","9.63","8.53","96.27","310.82","294.77","250.55","89.31","41.43","0.0"
"63","1999","20","Telangana","Adilabad","0.05","9.97","0.38","2.46","33.69","102.15","221.84","247.62","243.17","74.42","0.0","0.0"
"63","2000","20","Telangana","Adilabad","0.0","12.39","0.6","4.9","19.45","250.9","311.99","403.09","89.11","12.27","0.5","1.03"
"63","2001","20","Telangana","Adilabad","7.53","0.0","37.04","23.9","12.65","256.17","163.8","311.16","106.18","94.01","4.57","0.18"
"63","2002","20","Telangana","Adilabad","10.96","2.45","8.22","9.19","19.11","254.69","118.39","315.41","119.82","43.95","1.35","0.0"
"63","2003","20","Telangana","Adilabad","0.42","8.85","26.4","12.82","1.06","140.62","389.31","245.62","134.36","61.15","0.77","12.22"
"63","2004","20","Telangana","Adilabad","13.22","0.96","11.84","18.73","17.28","105.21","338.6","169.76","186.86","36.52","7.99","0.0"
"63","2005","20","Telangana","Adilabad","11.49","5.15","21.89","15.9","8.17","137.31","454.57","198.58","346.18","108.11","0.41","0.0"
"63","2006","20","Telangana","Adilabad","0.0","0.0","62.07","26.41","38.42","123.1","412.17","336.35","312.95","25.36","24.03","0.0"
"63","2007","20","Telangana","Adilabad","0.0","1.28","2.41","17.42","4.67","191.52","289.41","313.52","274.85","14.67","9.43","1.35"
"63","2008","20","Telangana","Adilabad","0.76","20.3","30.79","8.24","6.39","126.2","275.23","407.06","278.87","29.28","12.91","0.09"
"63","2009","20","Telangana","Adilabad","0.0","0.0","7.56","6.54","22.61","123.17","292.87","316.11","150.2","52.02","32.42","6.81"
"63","2010","20","Telangana","Adilabad","7.43","2.06","16.4","7.42","6.84","169.48","520.16","410.27","325.21","46.37","41.04","20.28"
"63","2011","20","Telangana","Adilabad","0.0","11.17","3.33","40.3","9.0","104.28","296.97","300.3","213.05","14.83","2.02","0.15"
"63","2012","20","Telangana","Adilabad","5.68","0.68","0.14","10.59","5.24","153.99","439.71","252.66","314.93","33.92","16.34","0.0"
"63","2013","20","Telangana","Adilabad","3.45","9.1","4.83","33.93","2.92","353.8","430.29","232.89","180.67","133.94","4.25","0.08"
"63","2014","20","Telangana","Adilabad","0.49","8.48","46.47","14.56","14.5","77.68","390.58","196.94","216.81","16.1","12.37","1.52"
"63","2015","20","Telangana","Adilabad","4.51","1.88","46.88","60.17","10.81","308.87","118.33","276.69","256.43","19.1","1.11","0.25"
"520","1958","20","Telangana","Rangareddy","0.81","6.79","5.98","53.79","16.32","68.45","280.52","204.02","145.99","53.78","19.1","0.0"
"520","1959","20","Telangana","Rangareddy","0.0","0.05","0.0","14.96","22.36","146.91","249.95","214.51","171.97","48.17","4.15","0.6"
"520","1960","20","Telangana","Rangareddy","0.0","0.0","26.78","5.58","30.93","117.96","131.06","35.6","365.78","30.92","17.22","4.83"
"520","1961","20","Telangana","Rangareddy","1.1","3.04","3.26","16.24","34.64","124.57","299.97","124.84","94.83","151.81","5.25","0.11"
"520","1962","20","Telangana","Rangareddy","42.68","34.24","28.72","24.81","21.86","19.56","63.89","118.78","193.07","151.41","106.2","76.47"
"520","1963","20","Telangana","Rangareddy","0.0","0.58","6.96","48.52","17.76","142.22","147.11","238.28","119.13","97.61","0.0","0.29"
"520","1964","20","Telangana","Rangareddy","0.13","1.46","1.49","17.45","9.02","103.83","213.25","91.03","421.0","47.46","7.09","0.03"
"520","1965","20","Telangana","Rangareddy","0.34","0.03","2.27","7.12","9.79","90.61","335.21","82.5","244.87","0.11","0.4","3.98"
"520","1966","20","Telangana","Rangareddy","34.98","29.29","25.24","22.2","19.84","17.94","65.29","77.79","156.54","103.15","63.06","45.43"
"520","1967","20","Telangana","Rangareddy","1.13","0.02","23.47","8.91","3.98","111.83","360.19","104.92","211.37","15.24","0.16","10.58"
"520","1968","20","Telangana","Rangareddy","4.32","9.37","8.36","14.14","10.07","85.02","172.56","13.66","346.88","58.07","5.72","2.21"
"520","1969","20","Telangana","Rangareddy","1.25","0.0","3.18","16.81","43.6","76.73","206.12","104.95","264.06","32.44","33.7","10.16"
"520","1970","20","Telangana","Rangareddy","38.83","31.75","26.96","23.48","20.83","20.04","36.65","159.98","187.28","134.01","81.27","54.54"
"520","1971","20","Telangana","Rangareddy","41.26","33.44","28.21","24.44","21.59","19.35","17.54","26.33","62.41","49.11","37.39","30.62"
"520","1972","20","Telangana","Rangareddy","26.07","22.77","20.24","18.24","16.61","15.26","14.11","13.13","15.03","13.82","12.82","11.96"
"520","1973","20","Telangana","Rangareddy","11.22","10.57","9.99","9.48","9.03","8.61","9.9","107.31","97.43","106.56","68.22","46.52"
"520","1974","20","Telangana","Rangareddy","0.0","0.01","0.98","18.63","35.48","83.61","82.09","123.76","241.51","139.22","2.06","0.0"
"520","1975","20","Telangana","Rangareddy","5.08","9.58","24.37","9.3","20.75","68.33","198.03","159.51","396.84","176.58","15.53","0.0"
"520","1976","20","Telangana","Rangareddy","0.0","0.0","0.33","23.77","13.8","103.39","318.8","195.43","115.76","12.68","32.69","0.0"
"520","1977","20","Telangana","Rangareddy","0.0","0.04","8.16","22.07","32.87","103.78","162.73","142.25","49.28","75.54","37.46","1.76"
"520","1978","20","Telangana","Rangareddy","3.56","18.02","2.48","30.61","46.0","135.94","235.77","263.76","256.65","52.06","28.54","3.06"
"520","1979","20","Telangana","Rangareddy","3.56","15.36","1.27","11.75","70.9","98.99","103.72","72.99","340.11","19.85","38.89","0.83"
"520","1980","20","Telangana","Rangareddy","0.29","0.0","6.03","22.43","12.25","134.74","131.81","173.15","159.55","7.66","3.35","6.6"
"520","1981","20","Telangana","Rangareddy","4.14","0.0","26.22","22.84","18.18","157.63","168.35","151.43","358.9","75.7","6.66","0.32"
"520","1982","20","Telangana","Rangareddy","0.1","0.0","1.29","34.07","28.07","118.59","230.13","69.93","214.32","62.66","24.69","0.0"
"520","1983","20","Telangana","Rangareddy","0.0","0.15","1.62","3.56","22.45","84.07","201.76","258.26","330.32","110.89","4.74","13.67"
"520","1984","20","Telangana","Rangareddy","0.07","4.26","9.83","22.8","0.51","85.79","246.28","89.34","170.45","72.89","2.95","0.37"
"520","1985","20","Telangana","Rangareddy","2.34","0.0","15.34","6.1","4.58","111.96","178.81","66.23","53.3","75.68","0.98","7.96"
"520","1986","20","Telangana","Rangareddy","7.22","9.47","0.67","46.45","3.68","150.46","128.86","190.82","83.9","15.38","23.47","15.19"
"520","1987","20","Telangana","Rangareddy","2.72","0.63","27.08","21.78","19.02","78.27","165.19","159.13","107.25","91.6","28.87","6.61"
"520","1988","20","Telangana","Rangareddy","0.0","25.88","0.08","43.95","3.44","81.15","324.2","183.15","320.47","20.92","0.84","14.92"
"520","1989","20","Telangana","Rangareddy","0.0","0.0","26.47","5.11","7.28","123.24","423.6","136.99","205.78","59.34","2.69","3.41"
"520","1990","20","Telangana","Rangareddy","0.6","2.48","19.53","2.61","110.73","130.1","126.53","200.07","138.68","76.42","18.68","0.4"
"520","1991","20","Telangana","Rangareddy","1.74","0.23","0.19","18.47","13.16","190.5","148.24","171.9","218.99","34.77","18.84","0.75"
"520","1992","20","Telangana","Rangareddy","0.08","0.0","0.0","7.59","30.29","100.75","99.6","226.46","181.27","36.48","24.01","0.01"
"520","1993","20","Telangana","Rangareddy","0.0","0.31","2.58","9.17","12.04","86.52","198.84","144.33","164.19","86.75","0.5","6.21"
"520","1994","20","Telangana","Rangareddy","6.32","5.1","0.0","36.29","4.92","103.4","181.68","168.55","91.53","178.94","26.24","0.02"
"520","1995","20","Telangana","Rangareddy","6.05","0.0","25.29","10.6","51.92","125.3","250.42","152.43","227.46","210.27","17.84","0.0"
"520","1996","20","Telangana","Rangareddy","0.08","0.5","0.58","53.07","6.43","92.22","215.87","265.44","200.77","89.19","40.05","0.85"
"520","1997","20","Telangana","Rangareddy","2.27","0.0","6.03","56.54","11.26","41.09","201.29","155.31","132.53","67.96","29.36","19.94"
"520","1998","20","Telangana","Rangareddy","0.4","0.36","1.0","8.2","11.96","53.69","238.74","223.23","207.5","157.54","10.69","0.1"
"520","1999","20","Telangana","Rangareddy","0.0","1.79","0.0","8.22","54.93","50.74","171.28","104.34","168.04","37.81","0.17","0.02"
"520","2000","20","Telangana","Rangareddy","0.0","13.78","0.54","13.05","39.7","204.89","155.2","378.48","99.39","19.79","1.69","1.08"
"520","2001","20","Telangana","Rangareddy","3.82","0.0","24.08","15.77","2.98","198.2","58.21","202.49","126.71","98.97","2.85","0.11"
"520","2002","20","Telangana","Rangareddy","4.19","0.23","6.18","3.44","40.49","157.54","70.69","177.82","65.65","73.51","2.16","0.0"
"520","2003","20","Telangana","Rangareddy","0.1","5.5","6.3","25.21","0.87","71.32","269.25","123.31","87.41","112.91","0.15","0.75"
"520","2004","20","Telangana","Rangareddy","2.62","0.49","11.97","51.24","23.74","44.96","228.78","78.17","167.51","52.57","1.74","0.0"
"520","2005","20","Telangana","Rangareddy","1.89","4.47","8.47","26.59","15.3","94.5","384.91","111.83","333.27","153.24","0.64","0.04"
"520","2006","20","Telangana","Rangareddy","0.0","0.0","19.93","62.38","65.79","92.86","220.95","203.98","275.76","32.85","39.95","0.0"
"520","2007","20","Telangana","Rangareddy","0.0","0.25","0.08","24.7","7.47","128.76","132.32","213.37","343.67","17.6","16.51","0.17"
"520","2008","20","Telangana","Rangareddy","0.02","31.79","18.44","14.33","12.27","51.66","123.48","377.65","260.99","35.17","34.84","0.31"
"520","2009","20","Telangana","Rangareddy","0.0","0.0","1.74","20.3","20.75","75.49","90.59","284.76","200.84","54.45","26.3","4.22"
"520","2010","20","Telangana","Rangareddy","2.43","1.34","1.02","9.02","15.5","146.08","362.55","197.07","345.11","54.73","39.43","16.67"
"520","2011","20","Telangana","Rangareddy","0.0","12.79","0.93","17.24","5.58","49.17","211.79","198.39","128.1","51.81","6.01","0.09"
"520","2012","20","Telangana","Rangareddy","1.02","0.0","0.0","18.72","6.49","122.88","246.3","133.42","179.93","59.62","28.93","0.04"
"520","2013","20","Telangana","Rangareddy","0.18","9.44","0.47","70.42","8.18","196.85","228.18","111.62","217.5","162.13","10.79","0.05"
"520","2014","20","Telangana","Rangareddy","0.0","1.23","19.93","14.43","24.48","67.71","210.73","147.96","118.73","27.15","31.82","1.48"
"520","2015","20","Telangana","Rangareddy","0.29","0.17","11.52","93.92","8.92","172.85","51.46","72.5","189.39","46.14","3.78","0.18"