"Dist Code","Year","State Code","State Name","Dist Name","JANUARY MAXIMUM (Centigrate)","FEBRUARY MAXIMUM (Centigrate)","MARCH MAXIMUM (Centigrate)","APRIL MAXIMUM (Centigrate)","MAY MAXIMUM (Centigrate)","JUNE MAXIMUM (Centigrate)","JULY MAXIMUM (Centigrate)","AUGUST MAXIMUM (Centigrate)","SEPTEMBER MAXIMUM (Centigrate)","OCTOBER MAXIMUM (Centigrate)","NOVEMBER MAXIMUM (Centigrate)","DECEMBER MAXIMUM (Centigrate)"
"55","1958","20","Telangana","Hyderabad","29.81","32.23","36.35","37.94","39.19","36.49","29.51","29.64","29.84","30.49","30.0","28.43"
"55","1959","20","Telangana","Hyderabad","29.09","32.63","36.26","37.75","39.5","34.16","29.78","29.19","29.98","30.33","29.23","28.78"
"55","1960","20","Telangana","Hyderabad","29.54","32.99","34.77","37.85","39.0","34.06","30.51","30.37","30.36","30.59","29.48","29.12"
"55","1961","20","Telangana","Hyderabad","29.88","31.58","36.96","38.49","38.43","34.0","29.44","29.82","29.72","29.85","28.72","28.27"
"55","1962","20","Telangana","Hyderabad","28.86","32.45","35.28","36.79","38.75","34.52","30.18","29.71","29.98","31.62","29.03","27.41"
"55","1963","20","Telangana","Hyderabad","28.55","32.03","35.65","36.37","38.97","33.98","30.71","29.45","30.85","30.64","29.42","28.92"
"55","1964","20","Telangana","Hyderabad","29.68","33.29","37.02","38.45","39.54","34.86","30.73","29.35","29.8","30.83","28.77","28.43"
"55","1965","20","Telangana","Hyderabad","29.12","31.99","35.45","37.1","39.35","35.04","30.08","30.46","30.65","32.61","31.02","29.62"
"55","1966","20","Telangana","Hyderabad","29.68","33.25","36.61","38.18","39.25","35.05","31.34","30.67","30.74","31.79","29.88","28.21"
"55","1967","20","Telangana","Hyderabad","29.63","32.99","34.45","38.08","39.82","35.04","30.02","29.53","30.04","31.05","29.78","28.18"
"55","1968","20","Telangana","Hyderabad","28.05","31.75","35.27","37.11","39.06","35.1","30.74","29.95","30.77","31.26","29.84","29.22"
"55","1969","20","Telangana","Hyderabad","29.14","32.74","37.06","39.11","38.7","35.43","30.48","30.42","29.32","30.64","29.89","27.96"
"55","1970","20","Telangana","Hyderabad","29.59","32.62","36.19","37.74","39.12","32.83","30.53","29.27","29.98","30.69","29.41","28.22"
"55","1971","20","Telangana","Hyderabad","29.01","32.3","34.91","37.61","38.04","32.61","30.53","30.29","30.64","30.16","27.73","27.14"
"55","1972","20","Telangana","Hyderabad","29.29","31.02","36.47","38.2","39.73","36.51","31.24","30.91","31.78","31.2","29.35","30.0"
"55","1973","20","Telangana","Hyderabad","30.36","33.27","36.76","39.58","40.21","34.94","30.57","29.89","29.94","30.48","28.37","28.31"
"55","1974","20","Telangana","Hyderabad","29.37","32.65","36.82","38.47","38.48","34.2","31.15","30.23","31.19","29.69","29.21","27.44"
"55","1975","20","Telangana","Hyderabad","28.68","32.41","35.88","38.5","39.7","33.68","30.14","29.88","29.68","29.83","27.73","27.94"
"55","1976","20","Telangana","Hyderabad","28.12","31.82","37.05","37.38","38.98","34.3","30.14","29.71","30.33","31.99","29.86","28.78"
"55","1977","20","Telangana","Hyderabad","28.48","32.27","36.71","37.02","37.87","34.92","30.71","29.67","30.44","31.48","29.25","27.94"
"55","1978","20","Telangana","Hyderabad","28.77","31.0","34.88","37.52","39.6","33.88","29.81","28.87","30.09","31.33","29.8","28.15"
"55","1979","20","Telangana","Hyderabad","29.05","31.86","35.72","38.12","38.74","35.5","31.22","30.13","31.01","30.81","29.13","28.51"
"55","1980","20","Telangana","Hyderabad","28.92","32.81","35.7","38.26","40.57","34.2","30.13","30.76","30.76","31.25","29.75","28.79"
"55","1981","20","Telangana","Hyderabad","28.18","32.79","35.38","38.12","39.12","34.54","30.55","29.39","30.6","30.79","28.83","28.21"
"55","1982","20","Telangana","Hyderabad","28.6","31.8","36.03","37.09","38.3","34.65","31.08","29.94","30.68","31.28","28.39","28.71"
"55","1983","20","Telangana","Hyderabad","29.13","32.08","35.74","38.12","39.26","35.8","31.54","29.76","29.7","29.75","28.71","27.97"
"55","1984","20","Telangana","Hyderabad","29.54","31.33","36.0","37.54","40.02","34.5","30.14","29.92","30.41","30.36","28.93","30.09"
"55","1985","20","Telangana","Hyderabad","30.29","32.7","37.22","38.36","39.57","33.62","30.31","30.18","31.34","30.06","29.81","29.61"
"55","1986","20","Telangana","Hyderabad","28.65","31.6","36.41","38.31","39.66","34.64","31.08","30.13","31.93","32.55","30.5","30.19"
"55","1987","20","Telangana","Hyderabad","29.48","31.6","35.36","38.58","38.92","36.12","31.8","30.9","32.12","31.36","29.68","28.86"
"55","1988","20","Telangana","Hyderabad","29.85","32.95","36.03","37.45","40.23","35.31","31.01","30.43","30.91","31.2","29.5","29.05"
"55","1989","20","Telangana","Hyderabad","29.95","32.79","34.74","38.3","39.97","33.91","30.51","29.68","30.55","31.57","29.7","28.6"
"55","1990","20","Telangana","Hyderabad","31.0","32.49","35.12","38.39","36.7","32.72","30.25","30.0","30.7","30.2","29.67","29.01"
"55","1991","20","Telangana","Hyderabad","30.4","33.15","36.83","37.73","39.64","33.62","30.39","30.13","31.38","31.86","29.11","28.73"
"55","1992","20","Telangana","Hyderabad","29.22","31.54","36.72","37.88","39.02","34.85","31.77","29.45","30.73","30.89","29.98","28.46"
"55","1993","20","Telangana","Hyderabad","30.18","32.26","35.45","37.8","39.47","35.23","30.81","30.32","30.26","30.57","28.95","27.91"
"55","1994","20","Telangana","Hyderabad","29.8","32.09","37.3","37.21","39.8","33.89","29.7","29.44","30.53","31.22","28.74","28.61"
"55","1995","20","Telangana","Hyderabad","28.33","32.05","35.56","38.09","37.5","36.15","30.61","31.17","30.93","30.99","30.68","30.25"
"55","1996","20","Telangana","Hyderabad","30.2","32.84","36.91","37.47","39.99","35.45","31.18","29.91","30.78","30.39","30.09","28.96"
"55","1997","20","Telangana","Hyderabad","28.76","32.3","36.58","36.02","39.01","35.39","31.16","30.5","30.89","31.82","30.3","29.19"
"55","1998","20","Telangana","Hyderabad","30.43","33.08","36.7","38.48","40.18","36.12","31.48","30.8","30.62","30.8","29.66","28.31"
"55","1999","20","Telangana","Hyderabad","28.96","32.77","36.94","38.52","38.04","33.5","30.69","30.17","30.22","31.37","30.1","29.49"
"55","2000","20","Telangana","Hyderabad","30.38","32.27","36.39","38.45","38.23","33.2","29.89","30.11","31.23","31.68","31.17","28.41"
"55","2001","20","Telangana","Hyderabad","29.8","33.19","36.04","37.47","40.45","34.26","31.55","29.74","31.17","30.69","30.52","28.84"
"55","2002","20","Telangana","Hyderabad","29.29","32.5","36.84","39.17","39.42","34.08","32.25","29.98","32.06","31.62","29.63","30.05"
"55","2003","20","Telangana","Hyderabad","30.17","33.56","36.45","39.07","41.62","36.94","31.41","30.74","31.36","31.51","30.0","28.97"
"55","2004","20","Telangana","Hyderabad","29.41","31.78","37.04","38.49","37.24","34.85","30.89","30.91","31.01","30.66","29.9","29.02"
"55","2005","20","Telangana","Hyderabad","30.03","32.68","36.52","37.76","39.78","36.13","29.96","30.34","30.28","30.86","28.09","28.36"
"55","2006","20","Telangana","Hyderabad","29.08","32.24","35.09","38.2","38.06","34.42","31.21","30.39","30.97","31.67","29.92","29.48"
"55","2007","20","Telangana","Hyderabad","29.75","31.9","36.3","37.85","40.05","33.6","31.21","30.54","30.29","31.13","29.02","30.13"
"55","2008","20","Telangana","Hyderabad","29.57","32.04","34.6","37.33","40.02","35.46","31.77","29.8","30.24","31.19","30.05","29.89"
"55","2009","20","Telangana","Hyderabad","30.14","33.85","36.13","39.2","39.84","36.41","31.97","31.63","31.56","31.11","30.52","29.72"
"55","2010","20","Telangana","Hyderabad","29.39","32.84","37.56","39.9","39.53","35.97","30.36","30.42","30.49","31.55","31.06","28.64"
"55","2011","20","Telangana","Hyderabad","28.45","31.63","36.01","37.09","39.3","35.1","31.23","30.15","31.22","32.05","30.41","29.66"
"55","2012","20","Telangana","Hyderabad","29.79","32.59","36.45","37.86","40.44","36.16","30.79","30.43","31.32","30.74","29.64","30.3"
"55","2013","20","Telangana","Hyderabad","30.73","32.05","36.3","38.38","40.43","33.23","29.76","30.27","30.74","30.98","29.29","28.3"
"55","2014","20","Telangana","Hyderabad","33.55","31.34","34.58","38.08","38.35","36.86","30.85","31.05","31.21","32.1","29.88","29.18"
"55","2015","20","Telangana","Hyderabad","28.89","32.14","35.59","36.78","39.83","34.48","33.36","31.36","31.4","32.42","31.52","31.41"
"56","1958","20","Telangana","Nizamabad","30.39","32.34","36.48","38.78","40.99","37.6","29.16","29.68","29.2","30.52","30.18","28.64"
"56","1959","20","Telangana","Nizamabad","29.54","32.69","36.62","38.59","41.17","35.4","29.37","28.92","29.32","30.3","29.34","29.06"
"56","1960","20","Telangana","Nizamabad","29.7","33.56","34.64","38.59","40.61","35.01","30.09","29.75","30.01","30.5","29.41","29.6"
"56","1961","20","Telangana","Nizamabad","30.43","31.28","37.07","39.23","40.1","35.02","29.06","29.72","29.02","29.6","28.92","28.25"
"56","1962","20","Telangana","Nizamabad","29.04","32.76","35.44","37.48","40.31","35.62","29.77","29.68","29.51","31.42","29.25","27.62"
"56","1963","20","Telangana","Nizamabad","29.0","32.68","35.74","37.0","40.47","35.08","30.32","29.28","30.21","30.73","29.68","29.1"
"56","1964","20","Telangana","Nizamabad","30.01","33.42","37.23","39.34","40.89","35.93","30.31","29.22","29.52","30.87","28.73","28.69"
"56","1965","20","Telangana","Nizamabad","29.8","32.29","35.54","37.86","41.1","36.14","29.69","30.34","30.07","32.48","30.91","29.63"
"56","1966","20","Telangana","Nizamabad","29.85","33.58","36.4","38.81","40.51","36.26","31.17","30.3","30.31","32.07","30.11","28.32"
"56","1967","20","Telangana","Nizamabad","29.98","33.55","34.58","38.65","41.29","36.08","29.82","29.34","29.58","31.24","30.18","28.49"
"56","1968","20","Telangana","Nizamabad","28.28","31.66","35.2","37.63","40.43","36.28","30.36","29.39","30.52","31.24","29.73","29.23"
"56","1969","20","Telangana","Nizamabad","30.09","33.37","37.57","39.87","40.44","36.55","30.05","30.04","28.77","30.71","30.18","27.91"
"56","1970","20","Telangana","Nizamabad","30.02","33.04","36.17","38.54","40.91","33.71","30.15","29.18","29.44","30.73","29.21","28.44"
"56","1971","20","Telangana","Nizamabad","29.38","32.24","34.97","38.71","39.47","33.92","30.15","29.86","30.41","29.87","27.61","27.54"
"56","1972","20","Telangana","Nizamabad","29.83","30.98","36.89","38.76","41.17","37.45","30.77","30.4","31.02","31.31","29.37","31.37"
"56","1973","20","Telangana","Nizamabad","31.5","34.15","37.48","40.42","41.78","36.0","29.84","29.66","29.17","29.88","27.96","28.44"
"56","1974","20","Telangana","Nizamabad","29.59","32.76","37.07","39.1","39.93","35.35","30.78","29.88","31.04","29.67","28.9","27.61"
"56","1975","20","Telangana","Nizamabad","28.77","32.29","35.83","39.19","41.18","34.74","29.77","29.59","29.27","29.97","27.6","28.05"
"56","1976","20","Telangana","Nizamabad","28.62","32.25","37.12","38.04","40.38","35.04","29.83","29.59","29.69","32.03","30.31","29.2"
"56","1977","20","Telangana","Nizamabad","28.94","32.58","37.21","37.7","39.34","35.94","30.26","29.37","29.65","31.52","29.52","28.05"
"56","1978","20","Telangana","Nizamabad","28.79","31.07","34.67","38.1","41.3","34.91","29.36","28.59","29.72","31.31","30.09","28.07"
"56","1979","20","Telangana","Nizamabad","29.53","31.52","35.59","38.74","40.02","36.66","30.82","29.71","30.69","30.92","29.42","28.57"
"56","1980","20","Telangana","Nizamabad","29.36","33.0","35.85","39.13","42.07","35.02","29.65","30.3","30.3","31.35","30.05","28.72"
"56","1981","20","Telangana","Nizamabad","28.25","32.98","35.34","38.7","40.52","35.77","29.91","29.2","30.19","30.78","28.56","28.19"
"56","1982","20","Telangana","Nizamabad","29.17","31.71","35.67","37.53","39.65","35.87","30.75","29.66","30.21","31.35","28.43","29.18"
"56","1983","20","Telangana","Nizamabad","29.43","31.58","35.45","38.44","40.67","36.94","31.25","29.64","29.43","29.52","28.36","27.79"
"56","1984","20","Telangana","Nizamabad","29.68","31.17","36.28","38.37","41.49","35.46","29.87","29.34","29.71","30.38","28.76","30.21"
"56","1985","20","Telangana","Nizamabad","30.71","32.55","37.47","38.9","41.06","34.72","30.0","29.85","30.76","29.92","29.8","29.82"
"56","1986","20","Telangana","Nizamabad","29.19","31.86","36.54","38.89","41.04","35.68","30.39","29.82","31.46","32.49","30.7","30.16"
"56","1987","20","Telangana","Nizamabad","29.83","31.94","35.58","39.28","40.27","37.18","31.51","30.76","31.6","31.34","29.83","28.85"
"56","1988","20","Telangana","Nizamabad","30.5","33.21","35.99","38.32","41.8","36.27","30.6","30.43","30.59","30.94","29.29","29.09"
"56","1989","20","Telangana","Nizamabad","30.19","32.87","34.73","38.83","41.39","34.89","30.18","29.36","29.98","31.47","29.91","28.63"
"56","1990","20","Telangana","Nizamabad","31.55","32.4","34.76","38.95","38.22","33.59","29.59","29.74","30.01","30.12","29.75","29.1"
"56","1991","20","Telangana","Nizamabad","30.34","33.33","36.74","38.17","41.21","34.74","30.02","29.82","30.83","31.85","29.3","28.79"
"56","1992","20","Telangana","Nizamabad","29.72","31.41","36.91","38.49","40.53","36.16","31.58","29.23","30.12","30.82","29.92","28.69"
"56","1993","20","Telangana","Nizamabad","30.61","32.34","35.2","38.39","41.06","36.4","30.34","29.97","29.68","30.61","28.82","27.95"
"56","1994","20","Telangana","Nizamabad","30.18","31.95","37.29","37.63","41.26","34.58","29.11","28.99","29.73","31.28","29.01","28.86"
"56","1995","20","Telangana","Nizamabad","28.3","32.0","35.46","38.53","39.11","37.42","30.3","31.02","30.39","31.09","30.63","30.65"
"56","1996","20","Telangana","Nizamabad","30.75","33.24","37.2","38.16","41.37","36.66","30.75","29.55","30.21","30.26","30.09","29.08"
"56","1997","20","Telangana","Nizamabad","28.85","32.16","36.72","36.42","40.23","35.99","30.53","30.15","30.18","31.69","30.49","28.99"
"56","1998","20","Telangana","Nizamabad","30.45","32.75","36.37","39.01","41.65","37.18","31.01","30.63","30.09","30.91","29.67","28.32"
"56","1999","20","Telangana","Nizamabad","29.07","33.02","36.92","39.31","39.65","34.37","30.24","29.79","29.47","31.23","30.12","29.46"
"56","2000","20","Telangana","Nizamabad","30.69","32.03","36.33","39.32","39.4","34.25","29.42","30.09","30.7","31.78","31.24","28.52"
"56","2001","20","Telangana","Nizamabad","30.31","33.39","36.02","37.77","41.73","35.15","30.73","29.4","30.78","30.74","30.34","29.04"
"56","2002","20","Telangana","Nizamabad","29.6","33.08","36.88","39.9","41.32","35.01","31.8","29.68","30.78","31.48","29.65","30.61"
"56","2003","20","Telangana","Nizamabad","30.69","34.14","36.6","39.43","42.32","37.4","30.25","30.1","30.9","31.21","29.98","29.16"
"56","2004","20","Telangana","Nizamabad","29.96","32.03","37.4","39.64","38.85","35.74","30.35","30.37","30.12","30.4","30.06","29.08"
"56","2005","20","Telangana","Nizamabad","30.16","32.39","36.23","38.53","41.42","37.94","29.85","29.96","30.05","30.69","27.82","28.04"
"56","2006","20","Telangana","Nizamabad","29.17","32.53","34.64","38.55","39.39","35.85","30.41","29.9","30.01","31.11","29.95","29.69"
"56","2007","20","Telangana","Nizamabad","29.93","32.19","36.28","38.44","41.49","34.81","31.07","30.31","30.06","30.59","29.03","30.21"
"56","2008","20","Telangana","Nizamabad","29.86","31.76","34.85","37.69","40.77","36.14","30.73","29.99","29.87","30.95","30.09","30.11"
"56","2009","20","Telangana","Nizamabad","30.92","34.11","36.35","39.61","41.27","37.82","31.25","31.14","31.29","30.96","30.64","30.1"
"56","2010","20","Telangana","Nizamabad","29.44","33.37","37.87","40.68","42.02","37.29","29.92","30.26","30.38","31.47","31.78","28.86"
"56","2011","20","Telangana","Nizamabad","28.65","31.93","36.11","36.91","40.69","36.02","30.26","30.06","30.45","31.63","30.41","29.62"
"56","2012","20","Telangana","Nizamabad","30.39","32.66","36.1","39.16","41.98","36.92","29.94","29.94","30.38","30.45","29.41","30.32"
"56","2013","20","Telangana","Nizamabad","30.8","32.19","36.35","38.79","42.16","34.14","29.59","29.68","30.66","30.83","29.35","28.6"
"56","2014","20","Telangana","Nizamabad","34.45","31.51","34.07","38.27","39.71","38.18","31.09","31.33","30.52","31.81","30.2","29.11"
"56","2015","20","Telangana","Nizamabad","28.91","32.58","35.5","36.86","40.81","35.77","33.13","31.3","31.01","32.31","31.86","32.1"
"57","1958","20","Telangana","Medak","29.65","31.8","35.86","37.81","39.77","36.24","28.67","29.07","28.78","29.84","29.35","27.81"
"57","1959","20","Telangana","Medak","28.85","32.17","35.94","37.68","39.93","34.02","28.95","28.46","28.91","29.63","28.52","28.21"
"57","1960","20","Telangana","Medak","29.21","32.86","34.19","37.72","39.41","33.75","29.66","29.42","29.49","29.89","28.69","28.64"
"57","1961","20","Telangana","Medak","29.66","30.94","36.45","38.35","38.84","33.72","28.61","29.19","28.7","29.05","28.05","27.6"
"57","1962","20","Telangana","Medak","28.49","32.15","34.83","36.62","39.17","34.29","29.33","29.1","29.02","30.89","28.34","26.73"
"57","1963","20","Telangana","Medak","28.36","31.86","35.13","36.19","39.32","33.74","29.83","28.75","29.79","29.99","28.72","28.27"
"57","1964","20","Telangana","Medak","29.37","32.86","36.54","38.36","39.81","34.63","29.84","28.69","28.93","30.12","27.96","27.8"
"57","1965","20","Telangana","Medak","28.96","31.64","34.95","36.98","39.8","34.8","29.22","29.82","29.61","31.83","30.15","28.9"
"57","1966","20","Telangana","Medak","29.27","32.91","35.93","37.97","39.45","34.89","30.59","29.9","29.84","31.26","29.21","27.52"
"57","1967","20","Telangana","Medak","29.33","32.78","33.98","37.91","40.17","34.83","29.29","28.88","29.1","30.49","29.22","27.64"
"57","1968","20","Telangana","Medak","27.66","31.2","34.69","36.88","39.37","34.93","29.9","29.07","29.93","30.56","29.0","28.5"
"57","1969","20","Telangana","Medak","29.18","32.36","36.55","39.0","39.21","35.21","29.61","29.63","28.33","29.88","29.02","27.02"
"57","1970","20","Telangana","Medak","29.35","32.39","35.61","37.61","39.62","32.52","29.69","28.63","28.99","30.04","28.54","27.56"
"57","1971","20","Telangana","Medak","28.74","31.77","34.32","37.51","38.52","32.61","29.69","29.54","29.78","29.0","26.83","26.73"
"57","1972","20","Telangana","Medak","29.09","30.5","36.15","37.95","40.06","36.21","30.34","30.07","30.68","30.82","28.57","30.17"
"57","1973","20","Telangana","Medak","30.59","33.27","36.6","39.5","40.62","34.69","29.56","29.18","28.83","29.17","27.11","27.62"
"57","1974","20","Telangana","Medak","29.01","32.26","36.37","38.26","38.84","34.01","30.32","29.47","30.39","28.97","28.22","26.79"
"57","1975","20","Telangana","Medak","28.23","31.86","35.25","38.31","40.07","33.43","29.32","29.14","28.76","29.21","26.88","27.23"
"57","1976","20","Telangana","Medak","27.86","31.53","36.53","37.18","39.24","33.91","29.35","29.08","29.33","31.34","29.32","28.27"
"57","1977","20","Telangana","Medak","28.22","31.95","36.41","36.83","38.24","34.65","29.82","28.95","29.34","30.83","28.6","27.2"
"57","1978","20","Telangana","Medak","28.32","30.52","34.17","37.3","40.03","33.63","28.91","28.15","29.15","30.64","29.16","27.39"
"57","1979","20","Telangana","Medak","28.85","31.17","35.09","37.9","38.99","35.32","30.36","29.32","30.13","30.19","28.49","27.79"
"57","1980","20","Telangana","Medak","28.67","32.42","35.22","38.17","40.91","33.86","29.25","29.81","29.81","30.61","29.11","27.98"
"57","1981","20","Telangana","Medak","27.72","32.39","34.8","37.84","39.46","34.32","29.59","28.7","29.69","30.1","27.9","27.44"
"57","1982","20","Telangana","Medak","28.42","31.27","35.26","36.73","38.59","34.47","30.25","29.21","29.7","30.65","27.62","28.18"
"57","1983","20","Telangana","Medak","28.8","31.32","34.99","37.7","39.6","35.65","30.76","29.12","28.84","28.95","27.72","27.11"
"57","1984","20","Telangana","Medak","29.12","30.83","35.63","37.46","40.37","34.21","29.37","29.01","29.35","29.69","28.05","29.41"
"57","1985","20","Telangana","Medak","30.05","32.15","36.79","38.09","39.88","33.37","29.48","29.42","30.37","29.31","29.02","29.0"
"57","1986","20","Telangana","Medak","28.46","31.25","35.94","38.05","39.98","34.35","30.09","29.36","30.98","31.86","29.82","29.4"
"57","1987","20","Telangana","Medak","29.2","31.28","34.91","38.41","39.18","35.84","30.98","30.21","31.13","30.65","28.96","28.13"
"57","1988","20","Telangana","Medak","29.68","32.59","35.45","37.35","40.61","35.0","30.16","29.84","30.06","30.39","28.61","28.32"
"57","1989","20","Telangana","Medak","29.62","32.35","34.18","38.03","40.29","33.64","29.68","28.92","29.52","30.83","29.02","27.87"
"57","1990","20","Telangana","Medak","30.77","31.93","34.34","38.08","37.07","32.39","29.29","29.27","29.61","29.48","28.91","28.3"
"57","1991","20","Telangana","Medak","29.87","32.73","36.19","37.41","40.02","33.42","29.52","29.37","30.39","31.14","28.47","27.96"
"57","1992","20","Telangana","Medak","28.97","30.92","36.26","37.63","39.38","34.71","31.0","28.74","29.74","30.16","29.19","27.82"
"57","1993","20","Telangana","Medak","29.88","31.78","34.76","37.54","39.85","35.03","29.89","29.54","29.23","29.88","28.11","27.14"
"57","1994","20","Telangana","Medak","29.46","31.53","36.75","36.85","40.1","33.42","28.74","28.62","29.41","30.59","28.07","27.93"
"57","1995","20","Telangana","Medak","27.81","31.52","34.95","37.79","37.88","36.01","29.79","30.51","29.95","30.3","29.77","29.7"
"57","1996","20","Telangana","Medak","29.98","32.55","36.47","37.26","40.21","35.3","30.31","29.11","29.77","29.61","29.23","28.27"
"57","1997","20","Telangana","Medak","28.28","31.66","36.08","35.68","39.23","34.88","30.16","29.69","29.79","31.1","29.59","28.34"
"57","1998","20","Telangana","Medak","29.95","32.37","35.91","38.18","40.55","35.83","30.61","30.14","29.63","30.11","28.83","27.51"
"57","1999","20","Telangana","Medak","28.49","32.44","36.36","38.37","38.41","33.12","29.82","29.4","29.08","30.6","29.27","28.72"
"57","2000","20","Telangana","Medak","30.04","31.65","35.73","38.32","38.38","32.95","29.0","29.5","30.26","31.03","30.36","27.71"
"57","2001","20","Telangana","Medak","29.53","32.76","35.47","37.15","40.62","33.99","30.47","28.9","30.3","30.05","29.69","28.21"
"57","2002","20","Telangana","Medak","28.96","32.29","36.31","39.08","39.79","33.65","31.28","29.27","30.78","30.89","28.85","29.5"
"57","2003","20","Telangana","Medak","29.93","33.34","35.89","38.68","41.64","36.37","30.23","29.87","30.34","30.88","29.29","28.32"
"57","2004","20","Telangana","Medak","29.21","31.46","36.68","38.41","37.63","34.5","29.97","30.04","29.93","29.88","29.23","28.27"
"57","2005","20","Telangana","Medak","29.59","32.06","35.81","37.59","40.13","36.14","29.25","29.46","29.34","30.06","27.2","27.5"
"57","2006","20","Telangana","Medak","28.64","31.89","34.31","37.93","38.23","34.19","30.11","29.45","29.75","30.68","29.15","28.77"
"57","2007","20","Telangana","Medak","29.35","31.48","35.73","37.58","40.29","33.5","30.52","29.89","29.43","30.26","28.25","29.4"
"57","2008","20","Telangana","Medak","29.21","31.43","34.08","37.04","40.0","35.06","30.73","29.32","29.25","30.32","29.28","29.24"
"57","2009","20","Telangana","Medak","29.98","33.44","35.58","38.86","40.17","36.34","30.91","30.84","30.72","30.35","29.8","29.14"
"57","2010","20","Telangana","Medak","28.94","32.61","37.11","39.74","40.28","35.75","29.52","29.8","29.67","30.8","30.56","27.99"
"57","2011","20","Telangana","Medak","28.1","31.28","35.49","36.53","39.57","34.82","30.14","29.5","30.06","31.2","29.63","28.85"
"57","2012","20","Telangana","Medak","29.62","32.14","35.68","37.88","40.71","35.83","29.77","29.58","30.16","29.97","28.85","29.59"
"57","2013","20","Telangana","Medak","30.35","31.65","35.8","38.07","40.83","32.9","29.0","29.45","29.99","30.16","28.53","27.68"
"57","2014","20","Telangana","Medak","33.37","30.92","33.74","37.59","38.6","36.73","30.3","30.56","30.11","31.3","29.21","28.33"
"57","2015","20","Telangana","Medak","28.34","31.82","34.98","36.33","39.94","34.32","32.6","30.79","30.47","31.74","30.93","30.95"
"58","1958","20","Telangana","Mahabubnagar","30.25","32.66","36.43","37.52","38.14","36.06","29.91","30.02","30.08","30.32","29.98","28.87"
"58","1959","20","Telangana","Mahabubnagar","30.02","33.25","36.74","37.55","38.63","33.58","29.82","29.98","30.06","30.33","29.32","29.0"
"58","1960","20","Telangana","Mahabubnagar","30.03","32.97","35.36","37.46","38.19","33.89","30.67","30.95","30.08","30.61","29.47","29.35"
"58","1961","20","Telangana","Mahabubnagar","30.07","31.95","37.09","38.16","37.49","33.41","29.65","30.11","29.86","29.95","28.88","28.41"
"58","1962","20","Telangana","Mahabubnagar","29.01","32.51","35.57","36.55","37.59","34.27","30.42","29.99","29.81","30.79","29.17","28.0"
"58","1963","20","Telangana","Mahabubnagar","28.77","32.23","35.78","36.2","38.16","33.61","30.99","29.89","30.74","30.59","29.36","29.08"
"58","1964","20","Telangana","Mahabubnagar","30.21","33.52","37.07","38.23","38.94","34.57","30.88","29.8","29.63","30.89","28.65","28.59"
"58","1965","20","Telangana","Mahabubnagar","29.69","32.19","35.66","36.69","38.28","34.76","30.65","30.61","30.64","32.21","30.59","29.51"
"58","1966","20","Telangana","Mahabubnagar","30.08","33.42","36.72","37.9","38.52","34.73","31.37","31.1","30.41","31.23","29.8","28.46"
"58","1967","20","Telangana","Mahabubnagar","30.07","33.27","35.16","37.96","38.79","34.54","30.38","30.04","30.05","30.47","29.49","28.72"
"58","1968","20","Telangana","Mahabubnagar","28.77","32.46","35.51","36.81","38.24","34.63","30.8","30.73","30.49","30.85","29.5","29.28"
"58","1969","20","Telangana","Mahabubnagar","29.7","33.26","37.53","38.63","38.05","34.97","30.71","30.73","29.7","30.44","30.09","27.79"
"58","1970","20","Telangana","Mahabubnagar","29.93","32.94","36.49","37.46","38.1","32.83","30.81","29.66","29.98","30.43","28.95","28.2"
"58","1971","20","Telangana","Mahabubnagar","29.2","33.03","35.47","37.89","37.43","31.88","30.81","30.75","30.32","30.3","28.54","27.15"
"58","1972","20","Telangana","Mahabubnagar","29.57","31.98","36.78","37.98","38.46","36.08","31.62","31.57","31.5","30.92","29.66","29.52"
"58","1973","20","Telangana","Mahabubnagar","31.55","34.0","37.32","39.22","39.57","34.57","30.92","30.08","30.17","30.39","28.99","28.41"
"58","1974","20","Telangana","Mahabubnagar","29.8","33.25","37.06","38.3","37.79","34.06","31.46","30.65","30.75","30.05","29.25","28.68"
"58","1975","20","Telangana","Mahabubnagar","29.38","33.06","36.13","38.33","38.83","33.41","30.43","30.13","29.53","29.83","27.92","28.07"
"58","1976","20","Telangana","Mahabubnagar","28.74","32.3","37.3","37.26","38.38","34.27","30.48","30.23","30.29","31.55","29.55","29.05"
"58","1977","20","Telangana","Mahabubnagar","29.49","32.77","36.76","37.03","37.22","34.52","31.14","30.39","30.69","30.79","29.48","28.44"
"58","1978","20","Telangana","Mahabubnagar","29.65","31.75","35.52","37.38","38.81","33.52","30.09","29.43","30.05","31.14","30.05","28.25"
"58","1979","20","Telangana","Mahabubnagar","29.77","32.34","35.9","37.9","37.91","34.99","31.37","30.73","30.51","30.97","29.13","28.91"
"58","1980","20","Telangana","Mahabubnagar","30.01","33.44","36.17","37.96","39.66","33.73","30.79","30.83","30.83","31.22","29.84","29.09"
"58","1981","20","Telangana","Mahabubnagar","28.89","33.22","35.85","37.83","38.43","33.98","31.02","29.94","30.21","30.51","28.91","28.43"
"58","1982","20","Telangana","Mahabubnagar","29.51","32.73","36.39","37.16","37.67","34.31","31.45","30.65","30.84","31.37","28.76","28.97"
"58","1983","20","Telangana","Mahabubnagar","29.83","33.03","35.96","38.03","38.65","35.61","31.88","30.18","29.77","30.11","29.02","28.29"
"58","1984","20","Telangana","Mahabubnagar","29.66","31.94","35.81","37.27","39.39","34.29","30.59","30.8","30.52","30.56","29.08","30.13"
"58","1985","20","Telangana","Mahabubnagar","30.46","33.27","37.43","38.13","38.95","33.4","30.68","30.7","31.28","30.24","29.5","29.6"
"58","1986","20","Telangana","Mahabubnagar","29.04","32.18","36.48","38.17","39.09","34.41","31.64","30.55","31.66","32.26","30.49","29.79"
"58","1987","20","Telangana","Mahabubnagar","30.18","32.33","35.72","38.28","38.19","35.81","32.22","31.38","32.08","31.26","29.91","28.91"
"58","1988","20","Telangana","Mahabubnagar","30.41","33.7","36.51","37.17","39.63","35.23","31.17","30.68","30.71","31.31","29.37","29.55"
"58","1989","20","Telangana","Mahabubnagar","30.46","33.42","35.31","38.1","39.33","33.83","30.65","30.54","30.61","31.39","29.69","29.06"
"58","1990","20","Telangana","Mahabubnagar","30.96","33.12","35.74","38.3","36.19","33.09","30.94","30.51","30.86","30.38","29.86","29.27"
"58","1991","20","Telangana","Mahabubnagar","30.74","33.52","37.17","37.8","39.02","33.31","30.64","30.54","31.45","31.4","29.25","28.92"
"58","1992","20","Telangana","Mahabubnagar","29.65","32.72","37.13","37.8","38.49","34.61","31.93","30.27","30.84","31.08","29.87","28.72"
"58","1993","20","Telangana","Mahabubnagar","30.74","33.04","36.12","37.83","39.03","35.22","31.42","31.16","30.59","30.75","29.16","28.02"
"58","1994","20","Telangana","Mahabubnagar","30.55","32.91","37.69","37.25","39.36","34.09","30.24","30.39","30.91","31.11","28.78","28.83"
"58","1995","20","Telangana","Mahabubnagar","29.18","32.99","36.23","37.92","36.95","35.88","30.99","31.48","31.04","31.13","30.57","30.35"
"58","1996","20","Telangana","Mahabubnagar","31.05","33.64","37.71","37.54","39.61","34.88","31.16","30.41","30.59","30.57","30.05","29.16"
"58","1997","20","Telangana","Mahabubnagar","29.58","33.02","37.07","36.02","38.61","35.32","31.63","31.07","31.03","31.91","30.36","29.71"
"58","1998","20","Telangana","Mahabubnagar","31.35","34.13","37.72","38.37","39.77","36.09","31.77","31.15","30.73","30.91","29.92","28.54"
"58","1999","20","Telangana","Mahabubnagar","30.02","33.63","37.74","38.38","37.26","33.6","30.77","30.76","30.64","31.11","30.25","29.8"
"58","2000","20","Telangana","Mahabubnagar","30.89","32.88","36.69","38.41","37.75","33.01","30.49","30.26","31.08","31.54","30.97","28.7"
"58","2001","20","Telangana","Mahabubnagar","30.46","33.89","36.97","37.4","39.95","34.43","32.36","30.93","31.38","30.71","30.8","29.12"
"58","2002","20","Telangana","Mahabubnagar","30.06","33.05","37.3","39.04","38.58","34.11","32.45","30.72","32.52","31.94","30.13","30.25"
"58","2003","20","Telangana","Mahabubnagar","30.92","34.23","37.17","39.09","41.38","36.96","31.61","31.12","31.48","31.47","30.24","29.21"
"58","2004","20","Telangana","Mahabubnagar","30.2","32.8","37.51","37.98","36.48","34.53","31.5","31.75","31.46","31.14","30.16","29.5"
"58","2005","20","Telangana","Mahabubnagar","31.03","33.72","37.15","37.82","39.5","35.91","30.81","30.78","30.67","31.1","28.65","28.88"
"58","2006","20","Telangana","Mahabubnagar","30.04","32.87","35.73","38.3","37.73","34.61","32.04","31.6","31.53","32.07","30.23","29.57"
"58","2007","20","Telangana","Mahabubnagar","30.51","32.65","37.05","37.84","39.39","33.53","31.72","30.86","30.07","31.19","29.26","30.28"
"58","2008","20","Telangana","Mahabubnagar","30.22","32.92","34.89","37.53","39.66","35.36","32.46","30.52","30.63","31.63","30.16","29.9"
"58","2009","20","Telangana","Mahabubnagar","30.53","34.4","36.66","39.08","39.18","35.09","32.45","32.31","31.17","31.32","30.55","29.79"
"58","2010","20","Telangana","Mahabubnagar","30.39","33.48","37.84","39.49","39.22","35.36","30.47","30.96","30.38","31.48","30.52","28.7"
"58","2011","20","Telangana","Mahabubnagar","29.26","32.31","36.53","37.28","38.91","35.07","32.29","31.08","31.87","32.52","30.66","30.19"
"58","2012","20","Telangana","Mahabubnagar","30.49","33.41","37.18","37.75","39.77","36.12","31.84","31.4","31.75","31.09","29.84","30.48"
"58","2013","20","Telangana","Mahabubnagar","31.46","33.0","36.91","38.41","39.73","33.43","30.23","30.95","30.75","31.41","29.52","28.56"
"58","2014","20","Telangana","Mahabubnagar","33.86","32.24","35.58","38.22","37.68","36.54","31.52","31.83","31.45","32.47","29.95","29.74"
"58","2015","20","Telangana","Mahabubnagar","29.87","32.75","36.21","37.05","39.37","34.38","33.92","32.41","31.62","32.58","31.47","31.51"
"59","1958","20","Telangana","Nalgonda","30.87","33.1","36.87","38.78","40.68","38.45","31.26","31.47","31.42","31.48","30.75","29.5"
"59","1959","20","Telangana","Nalgonda","30.48","33.53","36.84","38.71","40.93","35.88","31.31","31.18","31.45","31.55","29.94","29.5"
"59","1960","20","Telangana","Nalgonda","30.62","33.12","35.61","38.64","40.55","36.14","32.03","32.43","31.62","31.67","30.03","30.0"
"59","1961","20","Telangana","Nalgonda","30.87","32.39","37.53","39.36","40.02","35.7","31.06","31.55","31.11","31.05","29.4","28.9"
"59","1962","20","Telangana","Nalgonda","29.58","32.63","35.95","37.73","39.98","36.23","31.7","31.45","31.26","31.88","29.73","28.72"
"59","1963","20","Telangana","Nalgonda","29.26","32.36","36.16","37.23","40.35","35.85","32.19","31.31","32.15","31.77","30.22","29.75"
"59","1964","20","Telangana","Nalgonda","31.0","33.92","37.5","39.38","41.33","36.62","32.13","31.11","31.04","32.03","29.52","29.27"
"59","1965","20","Telangana","Nalgonda","30.38","32.75","36.07","37.85","40.68","37.05","31.84","32.11","31.9","33.1","31.23","30.45"
"59","1966","20","Telangana","Nalgonda","30.84","33.72","37.17","39.07","41.12","36.83","32.77","32.46","31.8","32.32","30.83","29.16"
"59","1967","20","Telangana","Nalgonda","30.74","33.46","35.28","38.88","41.05","36.73","31.75","31.36","31.48","31.69","30.12","29.64"
"59","1968","20","Telangana","Nalgonda","29.47","32.9","35.88","37.77","40.35","36.88","32.29","32.16","31.86","31.87","30.31","30.01"
"59","1969","20","Telangana","Nalgonda","30.37","33.66","37.78","39.85","39.86","37.12","31.87","32.07","31.06","31.5","30.72","28.71"
"59","1970","20","Telangana","Nalgonda","30.65","33.54","36.96","38.63","40.59","34.71","32.01","31.02","31.43","31.55","29.71","28.63"
"59","1971","20","Telangana","Nalgonda","30.17","33.4","35.62","38.4","39.38","34.23","32.01","32.05","31.79","31.37","28.83","28.04"
"59","1972","20","Telangana","Nalgonda","29.94","32.29","36.97","39.14","41.2","38.35","32.96","32.9","32.87","31.87","30.3","30.71"
"59","1973","20","Telangana","Nalgonda","31.84","34.26","37.52","40.41","41.95","36.94","32.27","31.7","31.71","31.54","29.45","29.26"
"59","1974","20","Telangana","Nalgonda","30.25","33.41","37.42","39.46","40.08","36.25","32.89","32.11","32.23","31.22","29.96","28.78"
"59","1975","20","Telangana","Nalgonda","29.8","33.38","36.75","39.43","41.47","35.71","31.72","31.76","30.89","31.26","28.69","28.63"
"59","1976","20","Telangana","Nalgonda","29.23","32.6","37.45","38.51","40.71","36.37","31.6","31.49","31.61","32.59","30.64","29.82"
"59","1977","20","Telangana","Nalgonda","29.94","33.13","37.18","38.18","39.49","36.76","32.47","31.62","32.01","32.01","30.57","29.18"
"59","1978","20","Telangana","Nalgonda","30.2","32.21","35.95","38.62","41.36","36.0","31.52","30.8","31.59","32.34","30.91","29.26"
"59","1979","20","Telangana","Nalgonda","30.54","33.03","36.42","39.19","40.17","37.27","33.01","32.28","32.12","32.13","30.39","29.83"
"59","1980","20","Telangana","Nalgonda","30.78","33.88","36.85","39.29","41.98","35.88","32.0","32.16","32.16","32.28","30.59","30.0"
"59","1981","20","Telangana","Nalgonda","29.67","33.58","36.2","39.23","40.75","36.63","32.32","31.37","31.69","31.83","29.76","29.31"
"59","1982","20","Telangana","Nalgonda","30.36","33.2","36.92","38.45","39.83","36.63","32.8","31.86","32.06","32.27","29.75","29.83"
"59","1983","20","Telangana","Nalgonda","30.5","33.67","36.96","39.29","40.83","37.75","33.06","31.73","31.14","31.22","29.73","29.08"
"59","1984","20","Telangana","Nalgonda","30.88","32.34","36.3","38.59","41.62","36.56","31.89","32.14","31.89","31.73","29.63","30.89"
"59","1985","20","Telangana","Nalgonda","31.38","33.62","37.81","39.53","41.23","35.7","31.89","32.06","32.48","31.19","30.2","30.35"
"59","1986","20","Telangana","Nalgonda","29.73","32.62","36.97","39.18","41.3","36.4","32.82","31.99","33.06","33.17","31.14","30.89"
"59","1987","20","Telangana","Nalgonda","30.75","32.41","35.99","39.48","40.09","38.02","33.33","32.62","33.38","32.4","30.61","29.86"
"59","1988","20","Telangana","Nalgonda","31.1","33.97","37.16","38.44","41.87","37.41","32.3","32.07","32.05","32.27","30.12","30.14"
"59","1989","20","Telangana","Nalgonda","30.93","33.47","35.63","39.26","41.57","35.95","31.93","31.8","31.83","32.55","30.46","29.6"
"59","1990","20","Telangana","Nalgonda","31.65","33.47","36.28","39.48","38.19","34.95","32.04","31.94","32.16","31.35","30.78","30.14"
"59","1991","20","Telangana","Nalgonda","31.54","34.03","37.57","38.94","41.18","35.41","32.08","32.0","32.65","32.56","29.79","29.59"
"59","1992","20","Telangana","Nalgonda","30.11","32.99","37.39","38.99","40.62","36.79","33.29","31.53","32.05","32.23","30.71","29.31"
"59","1993","20","Telangana","Nalgonda","31.34","33.11","36.48","38.99","41.04","37.3","32.66","32.39","31.9","31.93","29.93","28.88"
"59","1994","20","Telangana","Nalgonda","31.09","33.24","37.9","38.52","41.53","36.22","31.51","31.48","32.11","32.23","29.62","29.39"
"59","1995","20","Telangana","Nalgonda","29.69","33.16","36.62","38.94","38.96","37.94","32.18","32.81","32.3","32.15","31.54","30.9"
"59","1996","20","Telangana","Nalgonda","31.59","33.64","37.67","38.57","41.78","37.0","32.64","31.79","32.07","31.77","30.98","29.85"
"59","1997","20","Telangana","Nalgonda","30.04","33.26","37.27","37.14","40.72","37.57","33.0","32.52","32.25","32.68","31.43","30.76"
"59","1998","20","Telangana","Nalgonda","31.99","34.29","37.73","39.41","41.81","38.21","33.05","32.51","32.13","32.24","30.99","29.3"
"59","1999","20","Telangana","Nalgonda","30.33","33.84","37.88","39.91","39.79","35.78","32.37","32.13","31.83","32.4","31.0","30.32"
"59","2000","20","Telangana","Nalgonda","31.57","33.44","37.07","39.8","40.35","35.09","31.8","31.8","32.48","32.86","31.72","28.98"
"59","2001","20","Telangana","Nalgonda","31.04","34.05","37.0","38.3","42.3","36.0","33.54","31.73","32.23","31.84","31.19","29.36"
"59","2002","20","Telangana","Nalgonda","30.49","33.4","37.5","39.76","41.74","36.45","34.44","31.64","33.32","32.33","30.06","30.79"
"59","2003","20","Telangana","Nalgonda","31.25","34.31","37.16","40.11","43.57","39.21","32.94","32.48","32.75","32.15","30.54","29.65"
"59","2004","20","Telangana","Nalgonda","30.44","32.46","37.36","39.38","38.97","36.69","32.47","32.83","32.15","31.57","30.3","29.8"
"59","2005","20","Telangana","Nalgonda","31.41","33.67","37.32","38.82","41.16","38.3","31.86","32.52","31.87","32.02","29.11","29.24"
"59","2006","20","Telangana","Nalgonda","30.41","33.14","36.26","39.04","39.68","36.35","33.23","32.54","32.3","32.65","30.62","30.33"
"59","2007","20","Telangana","Nalgonda","30.9","32.9","36.96","38.68","42.12","35.49","32.82","32.24","31.62","32.03","29.7","31.09"
"59","2008","20","Telangana","Nalgonda","30.86","33.09","35.58","38.17","42.35","37.38","33.16","31.64","31.89","32.33","30.73","30.7"
"59","2009","20","Telangana","Nalgonda","31.31","34.62","36.84","40.13","41.37","38.28","33.83","33.56","32.86","32.41","31.24","30.46"
"59","2010","20","Telangana","Nalgonda","30.75","33.53","38.07","40.62","41.17","37.81","31.76","32.24","31.71","32.45","31.65","29.47"
"59","2011","20","Telangana","Nalgonda","29.52","32.52","36.67","38.31","41.26","37.36","32.85","31.95","32.72","33.01","30.96","30.76"
"59","2012","20","Telangana","Nalgonda","30.79","33.39","37.4","38.86","42.27","38.49","32.27","32.27","32.39","31.79","30.25","30.86"
"59","2013","20","Telangana","Nalgonda","31.68","32.98","36.81","39.32","41.92","35.16","31.43","32.03","32.08","32.16","30.25","29.21"
"59","2014","20","Telangana","Nalgonda","34.91","32.44","35.91","39.29","40.24","38.95","32.97","33.11","32.57","32.9","30.43","30.39"
"59","2015","20","Telangana","Nalgonda","30.52","33.04","36.58","38.12","41.67","35.95","34.96","32.87","32.56","33.22","31.66","31.99"
"60","1958","20","Telangana","Warangal","30.17","32.64","36.52","38.72","41.04","38.39","30.11","30.37","30.6","30.93","30.17","28.67"
"60","1959","20","Telangana","Warangal","29.64","32.91","36.44","38.56","41.12","35.78","30.25","29.88","30.67","31.0","29.3","28.67"
"60","1960","20","Telangana","Warangal","29.79","32.77","35.05","38.48","40.72","35.87","30.83","31.02","31.07","31.04","29.39","29.34"
"60","1961","20","Telangana","Warangal","30.21","31.72","37.14","39.14","40.27","35.51","29.86","30.42","30.25","30.31","28.66","27.98"
"60","1962","20","Telangana","Warangal","28.66","32.15","35.56","37.53","40.23","35.91","30.47","30.31","30.58","31.41","29.03","27.85"
"60","1963","20","Telangana","Warangal","28.63","32.06","35.85","37.0","40.48","35.63","30.89","30.11","31.39","31.25","29.77","28.91"
"60","1964","20","Telangana","Warangal","30.23","33.46","37.21","39.23","41.46","36.32","30.96","29.93","30.45","31.43","29.05","28.57"
"60","1965","20","Telangana","Warangal","29.74","32.45","35.7","37.78","40.93","36.79","30.59","31.03","31.16","32.51","30.67","29.76"
"60","1966","20","Telangana","Warangal","30.02","33.36","36.78","38.9","41.33","36.55","31.68","31.13","31.25","31.93","30.42","28.31"
"60","1967","20","Telangana","Warangal","29.96","33.06","34.76","38.49","41.34","36.6","30.66","30.15","30.79","31.31","29.66","28.97"
"60","1968","20","Telangana","Warangal","28.64","32.25","35.46","37.43","40.45","36.73","31.14","30.8","31.28","31.32","29.78","29.21"
"60","1969","20","Telangana","Warangal","29.9","33.01","37.32","39.62","39.94","36.85","30.59","30.83","30.28","30.97","30.32","28.15"
"60","1970","20","Telangana","Warangal","29.91","33.18","36.47","38.42","40.88","34.34","30.77","29.89","30.71","31.05","29.14","27.79"
"60","1971","20","Telangana","Warangal","29.62","32.68","35.24","37.58","39.06","34.25","30.77","30.63","31.26","30.66","28.1","27.77"
"60","1972","20","Telangana","Warangal","29.16","31.6","36.57","38.77","41.49","38.11","31.64","31.43","31.96","31.17","29.39","30.66"
"60","1973","20","Telangana","Warangal","30.68","34.09","37.21","40.26","42.08","36.79","30.94","30.54","30.89","30.72","28.69","28.58"
"60","1974","20","Telangana","Warangal","29.32","32.86","37.08","39.26","40.27","36.01","31.62","30.8","31.72","30.55","29.2","27.7"
"60","1975","20","Telangana","Warangal","28.82","32.68","36.4","39.15","41.7","35.52","30.48","30.59","30.23","30.8","28.04","27.75"
"60","1976","20","Telangana","Warangal","28.36","32.12","36.94","38.22","40.75","36.0","30.34","30.3","30.89","32.08","30.4","29.15"
"60","1977","20","Telangana","Warangal","29.06","32.69","37.01","37.89","39.61","36.55","31.14","30.33","31.07","31.53","30.05","28.25"
"60","1978","20","Telangana","Warangal","29.11","31.53","35.35","38.29","41.56","35.84","30.28","29.59","30.89","31.73","30.32","28.45"
"60","1979","20","Telangana","Warangal","29.7","32.33","35.94","38.95","40.22","37.17","31.86","30.96","31.57","31.53","29.98","28.92"
"60","1980","20","Telangana","Warangal","29.87","33.3","36.43","39.14","42.04","35.6","30.63","31.34","31.34","31.64","30.01","29.07"
"60","1981","20","Telangana","Warangal","28.7","32.99","35.65","38.98","40.78","36.53","30.95","30.16","31.08","31.31","29.05","28.42"
"60","1982","20","Telangana","Warangal","29.58","32.51","36.34","38.11","39.88","36.52","31.59","30.46","31.26","31.56","29.13","29.1"
"60","1983","20","Telangana","Warangal","29.58","32.85","36.47","38.92","40.88","37.56","31.82","30.55","30.48","30.53","28.85","28.14"
"60","1984","20","Telangana","Warangal","30.19","31.78","36.14","38.39","41.7","36.21","30.65","30.68","31.0","31.07","28.81","29.99"
"60","1985","20","Telangana","Warangal","30.67","32.87","37.41","39.27","41.32","35.48","30.6","30.71","31.56","30.45","29.53","29.57"
"60","1986","20","Telangana","Warangal","28.97","32.09","36.6","38.86","41.28","36.1","31.44","30.75","32.31","32.47","30.43","30.09"
"60","1987","20","Telangana","Warangal","29.8","31.8","35.51","39.22","40.05","37.74","31.98","31.37","32.57","31.75","29.95","29.09"
"60","1988","20","Telangana","Warangal","30.31","33.3","36.64","38.29","41.87","37.05","31.02","30.91","31.36","31.46","29.38","29.16"
"60","1989","20","Telangana","Warangal","29.99","32.75","35.13","38.97","41.62","35.64","30.79","30.41","31.03","31.9","29.85","28.61"
"60","1990","20","Telangana","Warangal","30.94","32.76","35.57","39.04","38.22","34.45","30.56","30.71","31.3","30.66","30.13","29.26"
"60","1991","20","Telangana","Warangal","30.6","33.5","37.05","38.53","41.18","35.26","30.9","30.73","31.8","31.98","29.13","28.6"
"60","1992","20","Telangana","Warangal","29.25","32.13","36.94","38.73","40.63","36.55","32.07","30.15","31.23","31.45","30.18","28.42"
"60","1993","20","Telangana","Warangal","30.49","32.38","35.82","38.63","41.05","36.97","31.34","31.0","31.01","31.34","29.22","28.03"
"60","1994","20","Telangana","Warangal","30.21","32.47","37.4","38.15","41.43","35.72","30.15","29.99","31.16","31.59","29.07","28.47"
"60","1995","20","Telangana","Warangal","28.64","32.36","36.01","38.54","38.94","37.71","30.93","31.63","31.5","31.47","30.76","30.03"
"60","1996","20","Telangana","Warangal","30.67","32.98","37.1","38.26","41.71","36.85","31.52","30.53","31.4","31.1","30.29","28.96"
"60","1997","20","Telangana","Warangal","28.98","32.42","36.74","36.69","40.6","37.14","31.65","31.19","31.41","31.96","30.87","29.81"
"60","1998","20","Telangana","Warangal","30.89","33.32","36.8","39.07","41.8","37.81","31.78","31.35","31.38","31.7","30.29","28.33"
"60","1999","20","Telangana","Warangal","29.17","33.23","37.2","39.74","39.94","35.41","31.22","30.78","30.86","31.86","30.21","29.27"
"60","2000","20","Telangana","Warangal","30.71","32.72","36.49","39.58","40.33","34.85","30.51","30.77","31.75","32.3","31.05","27.94"
"60","2001","20","Telangana","Warangal","30.03","33.21","36.24","37.79","42.44","35.41","31.78","30.2","31.53","31.39","30.55","28.28"
"60","2002","20","Telangana","Warangal","29.55","32.84","36.94","39.59","42.37","36.13","33.07","30.11","32.06","31.36","28.87","29.79"
"60","2003","20","Telangana","Warangal","30.18","33.69","36.23","39.67","43.69","38.73","30.92","30.79","31.71","31.23","29.6","28.57"
"60","2004","20","Telangana","Warangal","29.26","31.45","36.66","38.91","39.22","36.28","30.94","31.04","31.36","30.86","29.5","28.61"
"60","2005","20","Telangana","Warangal","30.31","32.78","36.63","38.63","41.02","38.61","30.63","31.27","31.23","31.54","28.24","28.05"
"60","2006","20","Telangana","Warangal","29.16","32.52","35.55","38.73","39.43","36.18","31.73","31.03","31.24","31.84","29.89","29.5"
"60","2007","20","Telangana","Warangal","29.86","32.19","36.42","38.35","42.41","35.52","31.73","31.09","31.04","31.06","28.9","30.37"
"60","2008","20","Telangana","Warangal","29.94","32.33","35.2","37.64","42.55","36.42","31.45","30.56","31.21","31.62","30.18","30.11"
"60","2009","20","Telangana","Warangal","30.81","34.19","36.34","39.93","41.45","38.56","32.02","32.14","32.44","31.57","30.59","29.6"
"60","2010","20","Telangana","Warangal","29.44","32.89","37.6","40.56","41.47","37.86","30.43","31.17","30.93","31.51","31.42","28.6"
"60","2011","20","Telangana","Warangal","28.36","31.74","36.1","37.82","41.36","37.05","31.1","30.61","31.5","32.12","30.0","29.71"
"60","2012","20","Telangana","Warangal","29.97","32.62","36.62","38.7","42.31","38.23","30.4","30.68","31.13","30.87","29.33","29.53"
"60","2013","20","Telangana","Warangal","30.36","32.23","36.18","38.84","42.22","34.51","30.0","30.57","31.68","31.47","29.62","28.36"
"60","2014","20","Telangana","Warangal","34.24","31.88","35.24","39.03","40.01","38.77","32.21","32.08","31.57","31.92","29.51","29.04"
"60","2015","20","Telangana","Warangal","29.27","32.4","36.06","37.6","41.39","35.26","33.28","31.38","31.8","32.37","30.79","31.14"
"61","1958","20","Telangana","Khammam","29.52","32.34","36.13","38.48","40.42","38.77","31.2","30.42","30.86","30.61","29.91","28.43"
"61","1959","20","Telangana","Khammam","29.48","32.82","36.12","38.74","40.3","35.32","31.18","30.67","31.31","31.23","29.24","27.97"
"61","1960","20","Telangana","Khammam","29.81","32.11","35.05","38.23","39.55","35.58","31.33","31.88","31.13","31.27","29.38","29.18"
"61","1961","20","Telangana","Khammam","29.58","31.2","36.78","38.49","39.02","35.09","30.29","30.65","30.52","29.97","28.14","27.31"
"61","1962","20","Telangana","Khammam","27.39","31.22","35.4","37.03","39.19","35.55","30.91","30.24","30.64","30.66","28.36","27.79"
"61","1963","20","Telangana","Khammam","28.88","31.97","36.37","36.96","40.11","35.44","31.17","30.38","31.8","31.44","30.21","28.8"
"61","1964","20","Telangana","Khammam","30.47","33.29","37.27","39.27","41.6","35.52","31.39","31.01","30.74","31.95","30.0","28.86"
"61","1965","20","Telangana","Khammam","30.88","33.34","35.97","37.58","39.56","36.09","31.58","31.35","32.01","32.62","30.54","30.36"
"61","1966","20","Telangana","Khammam","30.73","33.57","37.46","39.07","42.17","35.76","31.59","31.34","31.67","32.06","31.07","28.2"
"61","1967","20","Telangana","Khammam","29.67","32.34","34.51","37.52","40.59","36.73","31.11","30.77","31.16","30.94","28.97","29.68"
"61","1968","20","Telangana","Khammam","28.85","32.49","35.52","37.06","39.65","36.45","31.14","31.63","31.15","30.66","29.27","28.88"
"61","1969","20","Telangana","Khammam","29.51","32.75","36.66","38.93","38.71","36.47","30.8","31.35","31.06","30.83","30.11","27.99"
"61","1970","20","Telangana","Khammam","29.2","32.86","36.2","37.76","40.12","34.51","30.85","30.24","31.27","30.99","28.36","26.49"
"61","1971","20","Telangana","Khammam","29.33","32.71","35.12","36.72","38.29","34.38","30.85","30.94","31.44","30.77","28.03","27.71"
"61","1972","20","Telangana","Khammam","28.43","31.91","35.9","37.83","40.66","38.02","31.95","31.57","31.83","31.0","29.3","30.37"
"61","1973","20","Telangana","Khammam","30.2","33.8","36.66","39.51","41.1","37.1","31.2","30.78","31.77","30.88","28.81","28.31"
"61","1974","20","Telangana","Khammam","28.94","32.81","36.49","38.71","39.68","36.16","31.87","31.23","31.5","30.81","28.93","27.51"
"61","1975","20","Telangana","Khammam","28.47","32.28","36.25","38.32","40.92","35.56","30.68","30.92","30.44","31.22","28.41","27.1"
"61","1976","20","Telangana","Khammam","28.07","31.67","36.0","37.96","40.42","36.27","30.38","30.34","31.44","31.63","30.73","29.07"
"61","1977","20","Telangana","Khammam","28.9","32.49","36.4","37.52","38.96","36.61","31.53","30.73","31.89","31.24","30.76","28.41"
"61","1978","20","Telangana","Khammam","29.27","31.68","35.47","38.22","41.11","35.87","30.52","29.99","31.46","31.72","30.71","29.04"
"61","1979","20","Telangana","Khammam","30.14","32.41","35.79","39.1","40.03","37.34","32.51","31.86","31.64","32.08","30.68","29.41"
"61","1980","20","Telangana","Khammam","30.42","33.46","36.46","38.95","40.8","35.22","31.28","31.56","31.56","31.52","29.65","29.16"
"61","1981","20","Telangana","Khammam","28.99","32.77","35.47","38.64","39.97","36.64","31.36","30.62","31.18","31.55","29.33","28.74"
"61","1982","20","Telangana","Khammam","30.36","33.31","36.2","38.13","39.3","36.73","32.0","30.8","31.48","31.43","30.01","29.0"
"61","1983","20","Telangana","Khammam","29.7","33.17","36.85","38.6","40.24","37.82","31.65","31.0","30.74","31.17","28.92","28.59"
"61","1984","20","Telangana","Khammam","30.64","32.61","35.89","38.13","41.24","36.2","30.94","31.42","31.49","31.45","28.5","29.34"
"61","1985","20","Telangana","Khammam","30.46","32.84","36.72","39.27","41.06","35.52","30.8","30.93","31.51","30.29","28.8","29.18"
"61","1986","20","Telangana","Khammam","28.7","32.15","36.63","38.46","40.52","36.04","31.77","31.23","32.08","31.81","30.04","29.76"
"61","1987","20","Telangana","Khammam","29.94","31.72","35.14","38.66","39.16","37.42","31.78","31.47","32.74","31.65","30.0","29.21"
"61","1988","20","Telangana","Khammam","30.2","33.0","36.55","38.1","40.67","37.19","30.66","30.93","31.54","31.38","29.04","29.02"
"61","1989","20","Telangana","Khammam","29.75","32.29","35.15","38.88","40.96","35.56","31.15","30.74","31.16","31.55","29.42","28.21"
"61","1990","20","Telangana","Khammam","30.05","32.45","35.57","38.4","37.4","34.69","30.98","30.93","31.4","30.62","30.33","29.29"
"61","1991","20","Telangana","Khammam","30.34","33.35","36.87","38.16","39.9","35.3","31.16","30.84","31.87","31.19","28.67","27.81"
"61","1992","20","Telangana","Khammam","28.24","32.17","36.5","38.71","40.02","36.75","32.12","30.55","31.57","31.44","30.06","27.59"
"61","1993","20","Telangana","Khammam","29.84","32.2","35.88","38.26","40.27","37.32","31.6","31.19","31.23","31.75","29.35","27.77"
"61","1994","20","Telangana","Khammam","30.0","32.62","36.85","37.96","40.79","36.22","30.57","30.45","31.59","31.15","29.06","27.59"
"61","1995","20","Telangana","Khammam","28.38","32.34","36.29","38.09","38.02","37.47","31.11","31.7","31.88","31.38","30.39","29.21"
"61","1996","20","Telangana","Khammam","30.63","32.83","36.59","37.77","41.3","36.58","31.66","30.9","31.53","31.44","29.87","28.26"
"61","1997","20","Telangana","Khammam","28.73","32.18","36.22","35.88","40.04","37.75","31.95","31.64","31.75","31.55","31.17","30.71"
"61","1998","20","Telangana","Khammam","30.92","33.2","36.57","38.81","41.53","37.72","32.1","31.48","31.76","31.81","30.58","27.77"
"61","1999","20","Telangana","Khammam","28.82","33.3","36.87","39.93","39.29","35.89","31.56","30.95","31.34","31.73","29.67","28.43"
"61","2000","20","Telangana","Khammam","30.18","32.5","36.01","39.4","40.18","34.82","31.29","30.63","32.01","32.09","29.96","27.49"
"61","2001","20","Telangana","Khammam","29.8","32.97","36.17","37.44","41.54","35.42","32.2","30.55","31.78","31.5","30.43","27.84"
"61","2002","20","Telangana","Khammam","29.27","32.66","36.57","38.77","41.99","36.43","33.57","30.37","32.44","31.18","28.63","29.01"
"61","2003","20","Telangana","Khammam","29.7","33.36","35.87","39.03","43.12","38.56","30.97","31.07","31.94","31.12","29.46","28.26"
"61","2004","20","Telangana","Khammam","28.9","31.26","36.18","38.36","38.8","36.09","31.27","31.31","31.67","30.79","29.14","28.24"
"61","2005","20","Telangana","Khammam","30.09","32.71","36.36","38.11","40.05","38.49","31.11","31.6","31.49","31.45","28.45","28.2"
"61","2006","20","Telangana","Khammam","29.1","32.31","35.71","38.24","38.77","36.19","32.16","31.27","31.42","31.82","29.79","29.11"
"61","2007","20","Telangana","Khammam","29.52","31.97","36.09","37.89","41.76","35.7","32.02","31.33","31.28","31.0","28.98","29.95"
"61","2008","20","Telangana","Khammam","29.7","32.23","35.06","37.35","42.21","36.19","31.5","30.81","31.61","31.72","30.06","29.68"
"61","2009","20","Telangana","Khammam","30.46","33.74","35.94","39.38","40.63","38.25","32.03","32.41","32.59","31.72","30.5","29.14"
"61","2010","20","Telangana","Khammam","29.51","32.49","36.94","39.8","40.67","37.35","30.61","31.5","31.07","31.39","31.07","28.3"
"61","2011","20","Telangana","Khammam","28.35","31.69","35.78","37.55","40.73","36.99","31.36","30.93","31.92","32.22","29.71","29.6"
"61","2012","20","Telangana","Khammam","29.68","32.4","36.48","38.23","41.4","38.45","30.54","30.81","31.25","31.07","29.23","29.17"
"61","2013","20","Telangana","Khammam","30.07","32.25","35.77","38.35","41.18","34.71","30.24","31.06","32.02","31.43","29.7","28.23"
"61","2014","20","Telangana","Khammam","33.73","31.86","35.54","38.65","39.67","38.8","32.52","32.2","31.78","31.73","29.27","28.74"
"61","2015","20","Telangana","Khammam","29.18","32.12","36.01","37.54","40.88","35.03","33.25","31.52","31.91","32.27","30.25","30.45"
"62","1958","20","Telangana","Karimnagar","30.53","32.7","36.85","39.2","41.59","38.69","30.0","30.41","30.27","30.93","30.46","28.91"
"62","1959","20","Telangana","Karimnagar","29.7","32.94","36.88","38.98","41.64","36.3","30.22","29.66","30.36","30.84","29.58","29.11"
"62","1960","20","Telangana","Karimnagar","29.84","33.54","35.05","38.97","41.26","36.14","30.85","30.65","30.99","30.97","29.73","29.77"
"62","1961","20","Telangana","Karimnagar","30.57","31.69","37.44","39.62","40.78","35.98","29.85","30.41","30.02","30.14","29.01","28.3"
"62","1962","20","Telangana","Karimnagar","29.14","32.78","35.79","37.9","40.9","36.42","30.57","30.36","30.48","31.7","29.46","27.91"
"62","1963","20","Telangana","Karimnagar","28.99","32.73","36.07","37.35","40.96","36.07","31.0","30.05","31.25","31.21","30.01","29.24"
"62","1964","20","Telangana","Karimnagar","30.38","33.8","37.61","39.73","41.7","36.87","31.11","29.92","30.48","31.41","29.2","29.01"
"62","1965","20","Telangana","Karimnagar","29.97","32.61","35.92","38.27","41.67","37.28","30.6","31.09","31.01","32.84","31.16","29.93"
"62","1966","20","Telangana","Karimnagar","30.07","33.76","36.89","39.27","41.46","37.09","31.96","31.02","31.31","32.38","30.6","28.54"
"62","1967","20","Telangana","Karimnagar","30.2","33.75","34.85","38.99","41.92","37.04","30.7","30.08","30.62","31.64","30.36","28.89"
"62","1968","20","Telangana","Karimnagar","28.59","32.15","35.68","37.96","40.96","37.24","31.2","30.34","31.41","31.69","30.19","29.51"
"62","1969","20","Telangana","Karimnagar","30.36","33.55","38.03","40.19","40.59","37.39","30.76","30.76","29.92","31.32","30.67","28.32"
"62","1970","20","Telangana","Karimnagar","30.2","33.36","36.59","38.87","41.43","34.63","30.88","29.89","30.49","31.17","29.57","28.64"
"62","1971","20","Telangana","Karimnagar","29.79","32.59","35.35","38.49","39.65","34.72","30.88","30.47","31.28","30.48","28.2","27.97"
"62","1972","20","Telangana","Karimnagar","29.82","31.41","37.07","39.19","41.98","38.49","31.63","31.16","31.92","31.27","29.66","31.16"
"62","1973","20","Telangana","Karimnagar","31.27","34.45","37.87","40.78","42.49","37.09","30.79","30.46","30.39","30.52","28.63","28.83"
"62","1974","20","Telangana","Karimnagar","29.69","33.09","37.5","39.64","40.68","36.39","31.61","30.67","31.98","30.3","29.48","27.97"
"62","1975","20","Telangana","Karimnagar","29.0","32.73","36.45","39.61","42.04","35.81","30.58","30.43","30.19","30.57","28.12","28.31"
"62","1976","20","Telangana","Karimnagar","28.74","32.49","37.42","38.53","41.08","36.16","30.52","30.29","30.73","32.4","30.73","29.45"
"62","1977","20","Telangana","Karimnagar","29.19","32.88","37.47","38.08","39.94","36.92","31.09","30.14","30.7","31.82","29.96","28.33"
"62","1978","20","Telangana","Karimnagar","29.03","31.43","35.19","38.52","41.99","36.13","30.22","29.34","30.71","31.78","30.43","28.33"
"62","1979","20","Telangana","Karimnagar","29.66","32.02","36.03","39.21","40.56","37.59","31.75","30.62","31.62","31.41","29.87","28.86"
"62","1980","20","Telangana","Karimnagar","29.69","33.33","36.37","39.51","42.61","36.01","30.5","31.23","31.23","31.69","30.3","29.12"
"62","1981","20","Telangana","Karimnagar","28.5","33.25","35.74","39.25","41.17","36.87","30.79","30.0","31.09","31.28","29.05","28.46"
"62","1982","20","Telangana","Karimnagar","29.44","32.12","36.24","38.13","40.19","36.88","31.64","30.33","31.13","31.66","28.87","29.37"
"62","1983","20","Telangana","Karimnagar","29.65","32.27","36.15","39.03","41.21","37.89","31.95","30.43","30.35","30.14","28.91","28.1"
"62","1984","20","Telangana","Karimnagar","30.05","31.54","36.51","38.76","42.08","36.5","30.69","30.24","30.69","30.89","29.08","30.45"
"62","1985","20","Telangana","Karimnagar","30.86","32.87","37.82","39.48","41.67","35.79","30.71","30.61","31.59","30.4","30.05","29.98"
"62","1986","20","Telangana","Karimnagar","29.22","32.14","36.82","39.26","41.67","36.53","31.3","30.63","32.32","32.77","30.86","30.4"
"62","1987","20","Telangana","Karimnagar","29.93","32.04","35.81","39.66","40.62","38.24","32.25","31.45","32.5","31.82","30.13","29.15"
"62","1988","20","Telangana","Karimnagar","30.57","33.44","36.57","38.67","42.33","37.34","31.3","31.02","31.49","31.45","29.64","29.4"
"62","1989","20","Telangana","Karimnagar","30.28","33.13","35.14","39.3","42.07","35.94","30.98","30.25","30.96","32.0","30.2","28.82"
"62","1990","20","Telangana","Karimnagar","31.63","32.76","35.31","39.38","38.6","34.6","30.43","30.57","31.06","30.58","30.21","29.37"
"62","1991","20","Telangana","Karimnagar","30.68","33.69","37.22","38.68","41.7","35.63","30.92","30.61","31.71","32.27","29.49","29.0"
"62","1992","20","Telangana","Karimnagar","29.76","31.92","37.3","39.02","41.04","37.03","32.31","30.02","31.11","31.36","30.34","28.86"
"62","1993","20","Telangana","Karimnagar","30.82","32.64","35.72","38.93","41.51","37.27","31.27","30.84","30.77","31.16","29.22","28.25"
"62","1994","20","Telangana","Karimnagar","30.41","32.36","37.7","38.21","41.82","35.71","29.96","29.74","30.85","31.72","29.34","29.04"
"62","1995","20","Telangana","Karimnagar","28.63","32.35","35.95","38.96","39.49","38.27","31.07","31.67","31.37","31.55","31.09","30.7"
"62","1996","20","Telangana","Karimnagar","30.84","33.31","37.48","38.62","42.0","37.51","31.59","30.34","31.27","30.95","30.58","29.31"
"62","1997","20","Telangana","Karimnagar","29.07","32.54","37.1","36.92","40.87","37.18","31.5","30.97","31.21","32.08","30.9","29.43"
"62","1998","20","Telangana","Karimnagar","30.74","33.2","36.78","39.3","42.21","38.14","31.79","31.37","31.17","31.57","30.25","28.57"
"62","1999","20","Telangana","Karimnagar","29.28","33.29","37.36","39.97","40.34","35.52","31.17","30.6","30.57","31.85","30.53","29.71"
"62","2000","20","Telangana","Karimnagar","30.93","32.54","36.77","39.87","40.35","35.19","30.35","30.82","31.68","32.35","31.63","28.52"
"62","2001","20","Telangana","Karimnagar","30.29","33.51","36.32","38.08","42.79","35.86","31.47","30.06","31.57","31.34","30.81","28.84"
"62","2002","20","Telangana","Karimnagar","29.81","33.13","37.14","40.27","42.47","36.24","32.85","30.13","31.77","31.7","29.48","30.5"
"62","2003","20","Telangana","Karimnagar","30.55","34.04","36.51","39.92","43.54","38.68","30.78","30.56","31.66","31.31","29.96","28.98"
"62","2004","20","Telangana","Karimnagar","29.64","31.77","37.18","39.62","39.61","36.8","30.9","30.94","31.26","31.04","30.12","29.13"
"62","2005","20","Telangana","Karimnagar","30.42","32.81","36.77","39.18","41.83","39.26","30.57","31.07","31.15","31.5","28.28","28.14"
"62","2006","20","Telangana","Karimnagar","29.23","32.75","35.22","39.09","39.83","36.97","31.5","30.71","31.0","31.87","30.24","30.02"
"62","2007","20","Telangana","Karimnagar","30.11","32.41","36.61","38.82","42.59","35.83","31.78","31.0","30.92","30.94","29.32","30.63"
"62","2008","20","Telangana","Karimnagar","30.09","32.19","35.32","38.01","42.12","36.63","31.29","30.55","30.92","31.58","30.58","30.53"
"62","2009","20","Telangana","Karimnagar","31.19","34.49","36.73","40.25","41.67","38.98","32.0","31.94","32.42","31.39","30.83","30.12"
"62","2010","20","Telangana","Karimnagar","29.39","33.34","38.12","41.21","42.26","38.57","30.5","31.02","30.96","31.65","32.0","29.03"
"62","2011","20","Telangana","Karimnagar","28.63","32.01","36.44","37.65","41.48","37.14","31.0","30.62","31.23","32.13","30.53","29.83"
"62","2012","20","Telangana","Karimnagar","30.36","32.77","36.58","39.33","42.64","38.12","30.42","30.53","30.99","30.82","29.53","29.89"
"62","2013","20","Telangana","Karimnagar","30.54","32.26","36.47","39.08","42.95","34.81","30.22","30.29","31.62","31.35","29.79","28.74"
"62","2014","20","Telangana","Karimnagar","34.62","31.85","34.75","39.06","40.11","38.93","32.19","32.16","31.36","32.09","30.06","29.11"
"62","2015","20","Telangana","Karimnagar","29.16","32.66","36.01","37.46","41.42","36.02","33.58","31.51","31.91","32.69","31.65","31.94"
"63","1958","20","Telangana","Adilabad","30.59","32.89","37.22","39.7","42.13","39.01","29.77","30.22","29.83","30.65","30.25","28.79"
"63","1959","20","Telangana","Adilabad","29.59","33.03","37.37","39.33","42.14","36.69","29.96","29.33","29.97","30.64","29.42","29.13"
"63","1960","20","Telangana","Adilabad","29.54","34.04","35.3","39.35","41.79","36.46","30.61","30.1","30.73","30.7","29.48","29.81"
"63","1961","20","Telangana","Adilabad","30.62","31.73","37.85","39.93","41.34","36.33","29.61","30.14","29.61","29.86","28.86","28.21"
"63","1962","20","Telangana","Adilabad","29.08","33.09","36.11","38.31","41.41","36.84","30.37","30.12","30.18","31.45","29.42","27.89"
"63","1963","20","Telangana","Adilabad","28.92","33.28","36.35","37.67","41.35","36.33","30.77","29.77","30.87","31.04","29.98","29.23"
"63","1964","20","Telangana","Adilabad","30.27","34.05","38.08","40.23","42.06","37.27","30.93","29.73","30.35","31.32","29.04","29.11"
"63","1965","20","Telangana","Adilabad","30.0","32.87","36.3","38.68","42.35","37.63","30.42","30.85","30.68","32.73","31.05","29.77"
"63","1966","20","Telangana","Adilabad","29.96","34.17","37.13","39.56","41.75","37.42","31.89","30.66","31.12","32.42","30.55","28.52"
"63","1967","20","Telangana","Adilabad","30.13","34.27","35.14","39.24","42.38","37.29","30.5","29.77","30.27","31.65","30.46","28.77"
"63","1968","20","Telangana","Adilabad","28.46","32.23","36.03","38.21","41.32","37.53","30.94","29.8","31.28","31.63","30.13","29.45"
"63","1969","20","Telangana","Adilabad","30.44","34.21","38.8","40.43","41.15","37.64","30.51","30.35","29.52","31.24","30.88","28.43"
"63","1970","20","Telangana","Adilabad","30.17","33.53","36.79","39.31","42.04","34.82","30.69","29.67","30.14","31.05","29.45","28.8"
"63","1971","20","Telangana","Adilabad","29.69","32.56","35.71","39.02","39.88","34.81","30.69","30.23","31.16","30.53","28.06","27.88"
"63","1972","20","Telangana","Adilabad","29.96","31.42","37.45","39.45","42.38","38.76","31.33","30.58","31.47","31.21","29.54","31.31"
"63","1973","20","Telangana","Adilabad","31.35","34.5","38.28","41.23","43.02","37.36","30.39","30.14","29.91","30.38","28.63","28.86"
"63","1974","20","Telangana","Adilabad","29.57","33.26","38.01","40.01","41.09","36.74","31.33","30.24","31.85","30.1","29.29","27.93"
"63","1975","20","Telangana","Adilabad","28.84","32.84","36.71","40.03","42.46","36.1","30.34","30.04","29.98","30.4","27.91","28.34"
"63","1976","20","Telangana","Adilabad","28.82","32.8","37.8","38.83","41.46","36.33","30.39","30.04","30.35","32.32","30.76","29.55"
"63","1977","20","Telangana","Adilabad","29.14","33.13","38.02","38.46","40.35","37.18","30.82","29.77","30.22","31.73","29.8","28.26"
"63","1978","20","Telangana","Adilabad","28.81","31.52","35.38","38.82","42.51","36.4","29.95","28.98","30.46","31.61","30.34","28.09"
"63","1979","20","Telangana","Adilabad","29.5","31.95","36.28","39.51","40.91","37.97","31.41","30.19","31.47","31.29","29.8","28.72"
"63","1980","20","Telangana","Adilabad","29.52","33.52","36.66","39.96","43.13","36.24","30.2","30.98","30.98","31.62","30.25","29.03"
"63","1981","20","Telangana","Adilabad","28.31","33.53","36.11","39.66","41.58","37.35","30.44","29.73","30.94","31.14","28.79","28.3"
"63","1982","20","Telangana","Adilabad","29.36","32.05","36.3","38.39","40.53","37.25","31.46","29.96","30.89","31.57","28.62","29.49"
"63","1983","20","Telangana","Adilabad","29.5","32.13","36.24","39.19","41.58","38.2","31.74","30.14","30.15","29.75","28.6","27.92"
"63","1984","20","Telangana","Adilabad","29.75","31.48","36.97","39.18","42.52","36.77","30.55","29.68","30.27","30.7","28.98","30.43"
"63","1985","20","Telangana","Adilabad","30.76","32.98","38.34","39.76","42.18","36.12","30.54","30.18","31.26","30.14","29.94","30.06"
"63","1986","20","Telangana","Adilabad","29.23","32.31","37.18","39.67","42.04","36.92","30.92","30.34","32.09","32.63","30.8","30.29"
"63","1987","20","Telangana","Adilabad","29.77","32.39","36.25","40.02","41.08","38.6","32.13","31.21","32.19","31.7","30.0","28.98"
"63","1988","20","Telangana","Adilabad","30.64","33.74","36.87","39.18","42.88","37.62","31.11","30.85","31.3","31.23","29.49","29.34"
"63","1989","20","Telangana","Adilabad","30.15","33.4","35.44","39.58","42.55","36.2","30.8","29.91","30.74","31.87","30.19","28.79"
"63","1990","20","Telangana","Adilabad","31.82","32.91","35.42","39.71","39.12","34.74","30.06","30.27","30.69","30.43","29.98","29.3"
"63","1991","20","Telangana","Adilabad","30.4","33.97","37.55","38.94","42.23","36.05","30.76","30.23","31.44","32.22","29.43","29.05"
"63","1992","20","Telangana","Adilabad","29.9","31.97","37.76","39.43","41.51","37.53","32.25","29.75","30.72","31.11","30.12","29.03"
"63","1993","20","Telangana","Adilabad","30.82","32.97","35.87","39.28","42.06","37.64","31.01","30.45","30.38","30.95","29.04","28.26"
"63","1994","20","Telangana","Adilabad","30.43","32.4","38.05","38.37","42.28","35.8","29.55","29.31","30.44","31.59","29.28","29.2"
"63","1995","20","Telangana","Adilabad","28.43","32.44","36.08","39.2","40.06","38.72","30.91","31.39","31.08","31.54","30.99","30.83"
"63","1996","20","Telangana","Adilabad","30.8","33.7","37.97","39.06","42.46","38.05","31.42","29.97","30.99","30.73","30.52","29.32"
"63","1997","20","Telangana","Adilabad","28.97","32.71","37.56","37.23","41.17","37.24","31.11","30.61","30.89","31.84","30.71","28.97"
"63","1998","20","Telangana","Adilabad","30.41","33.21","36.88","39.64","42.66","38.47","31.54","31.1","30.9","31.48","30.04","28.65"
"63","1999","20","Telangana","Adilabad","29.2","33.5","37.69","40.39","40.94","35.73","30.9","30.19","30.18","31.63","30.45","29.67"
"63","2000","20","Telangana","Adilabad","30.87","32.52","37.11","40.33","40.63","35.51","30.03","30.61","31.36","32.28","31.72","28.68"
"63","2001","20","Telangana","Adilabad","30.36","33.94","36.66","38.52","43.14","35.96","30.98","29.86","31.41","31.16","30.52","28.95"
"63","2002","20","Telangana","Adilabad","29.71","33.55","37.56","40.62","42.83","36.55","32.39","29.59","31.03","31.45","29.41","30.8"
"63","2003","20","Telangana","Adilabad","30.57","34.32","36.88","40.33","43.6","38.53","30.56","30.16","31.14","31.07","29.91","29.05"
"63","2004","20","Telangana","Adilabad","29.72","32.17","37.87","40.24","40.35","37.08","30.88","30.35","30.96","30.84","30.07","29.22"
"63","2005","20","Telangana","Adilabad","30.2","32.95","37.05","39.45","42.3","39.94","30.45","30.68","30.99","31.27","28.01","28.0"
"63","2006","20","Telangana","Adilabad","29.2","33.29","35.21","39.27","40.35","37.43","31.1","30.35","30.76","31.63","30.19","30.14"
"63","2007","20","Telangana","Adilabad","30.07","32.88","37.05","39.29","42.94","36.52","31.6","30.76","30.84","30.69","29.22","30.51"
"63","2008","20","Telangana","Adilabad","30.04","32.1","35.94","38.59","42.24","36.56","30.95","30.48","30.75","31.31","30.55","30.55"
"63","2009","20","Telangana","Adilabad","31.46","34.91","37.35","40.6","42.34","39.68","31.44","31.46","32.21","31.11","30.75","30.26"
"63","2010","20","Telangana","Adilabad","29.19","33.83","38.82","41.66","43.2","38.79","30.42","30.73","30.99","31.55","32.14","29.02"
"63","2011","20","Telangana","Adilabad","28.52","32.38","36.95","37.76","41.88","37.22","30.72","30.26","30.89","31.77","30.43","29.76"
"63","2012","20","Telangana","Adilabad","30.15","33.02","36.86","40.08","43.28","38.14","30.14","30.09","30.72","30.54","29.31","29.77"
"63","2013","20","Telangana","Adilabad","30.21","32.54","36.85","39.22","43.51","35.11","29.94","29.94","31.45","31.19","29.64","28.85"
"63","2014","20","Telangana","Adilabad","34.93","32.13","35.02","39.17","40.51","39.39","32.23","31.9","31.02","31.72","30.0","28.88"
"63","2015","20","Telangana","Adilabad","28.88","32.99","36.15","37.59","41.74","36.51","33.1","31.15","31.65","32.48","31.54","31.95"
"520","1958","20","Telangana","Rangareddy","29.51","31.88","35.97","37.42","38.55","35.46","28.62","28.91","28.85","29.64","29.22","27.81"
"520","1959","20","Telangana","Rangareddy","28.87","32.29","35.96","37.27","38.89","33.18","28.82","28.52","28.95","29.46","28.47","28.16"
"520","1960","20","Telangana","Rangareddy","29.23","32.67","34.45","37.32","38.36","33.09","29.59","29.58","29.3","29.76","28.65","28.48"
"520","1961","20","Telangana","Rangareddy","29.55","31.18","36.55","37.96","37.76","32.96","28.51","29.09","28.7","29.01","27.99","27.64"
"520","1962","20","Telangana","Rangareddy","28.5","32.13","34.91","36.29","38.06","33.58","29.27","28.97","28.92","30.71","28.24","26.75"
"520","1963","20","Telangana","Rangareddy","28.27","31.73","35.24","35.91","38.34","32.98","29.8","28.7","29.78","29.77","28.58","28.24"
"520","1964","20","Telangana","Rangareddy","29.31","32.86","36.57","37.95","38.88","33.87","29.79","28.63","28.75","29.95","27.86","27.73"
"520","1965","20","Telangana","Rangareddy","28.83","31.6","35.04","36.58","38.67","34.01","29.18","29.65","29.61","31.73","30.16","28.87"
"520","1966","20","Telangana","Rangareddy","29.33","32.87","36.14","37.63","38.48","34.09","30.39","29.91","29.69","30.93","28.98","27.54"
"520","1967","20","Telangana","Rangareddy","29.25","32.64","34.15","37.61","39.13","34.02","29.11","28.79","28.99","30.16","28.93","27.54"
"520","1968","20","Telangana","Rangareddy","27.72","31.36","34.89","36.63","38.41","34.09","29.75","29.16","29.73","30.36","28.95","28.5"
"520","1969","20","Telangana","Rangareddy","28.81","32.41","36.7","38.56","38.22","34.43","29.57","29.66","28.29","29.8","29.11","27.3"
"520","1970","20","Telangana","Rangareddy","29.27","32.23","35.75","37.23","38.46","31.94","29.61","28.54","28.94","29.84","28.55","27.52"
"520","1971","20","Telangana","Rangareddy","28.59","31.93","34.58","37.28","37.48","31.6","29.61","29.55","29.58","29.35","27.02","26.38"
"520","1972","20","Telangana","Rangareddy","29.0","30.69","36.1","37.67","38.97","35.45","30.29","30.13","30.71","30.43","28.54","29.18"
"520","1973","20","Telangana","Rangareddy","30.04","32.9","36.37","39.03","39.54","33.9","29.62","29.07","28.88","29.65","27.62","27.62"
"520","1974","20","Telangana","Rangareddy","29.04","32.3","36.4","37.96","37.83","33.23","30.19","29.42","30.1","28.85","28.3","26.84"
"520","1975","20","Telangana","Rangareddy","28.34","32.04","35.42","37.97","38.96","32.7","29.22","29.06","28.66","28.96","26.9","27.24"
"520","1976","20","Telangana","Rangareddy","27.81","31.48","36.68","36.83","38.34","33.31","29.26","28.99","29.28","31.11","29.0","28.11"
"520","1977","20","Telangana","Rangareddy","28.21","31.94","36.34","36.56","37.27","33.91","29.78","28.96","29.39","30.59","28.44","27.27"
"520","1978","20","Telangana","Rangareddy","28.49","30.67","34.48","37.0","38.94","32.85","28.86","28.14","29.05","30.47","29.02","27.45"
"520","1979","20","Telangana","Rangareddy","28.78","31.42","35.31","37.59","38.12","34.52","30.22","29.36","29.92","30.0","28.3","27.84"
"520","1980","20","Telangana","Rangareddy","28.63","32.46","35.32","37.75","39.93","33.17","29.26","29.75","29.75","30.44","28.97","28.06"
"520","1981","20","Telangana","Rangareddy","27.85","32.42","35.03","37.57","38.52","33.48","29.61","28.67","29.54","29.93","27.96","27.47"
"520","1982","20","Telangana","Rangareddy","28.32","31.45","35.58","36.56","37.73","33.65","30.15","29.22","29.66","30.51","27.6","28.05"
"520","1983","20","Telangana","Rangareddy","28.81","31.66","35.24","37.53","38.67","34.84","30.65","28.98","28.7","28.93","27.86","27.26"
"520","1984","20","Telangana","Rangareddy","29.11","30.99","35.6","37.06","39.41","33.53","29.25","29.16","29.37","29.54","28.15","29.36"
"520","1985","20","Telangana","Rangareddy","29.93","32.34","36.84","37.78","38.95","32.63","29.4","29.4","30.3","29.23","28.94","28.91"
"520","1986","20","Telangana","Rangareddy","28.37","31.25","36.02","37.82","39.03","33.69","30.15","29.35","30.84","31.7","29.67","29.36"
"520","1987","20","Telangana","Rangareddy","29.19","31.33","35.02","38.06","38.38","35.09","30.9","30.14","31.07","30.5","28.88","28.15"
"520","1988","20","Telangana","Rangareddy","29.56","32.64","35.63","36.95","39.64","34.33","30.09","29.7","29.88","30.38","28.65","28.37"
"520","1989","20","Telangana","Rangareddy","29.64","32.45","34.41","37.75","39.31","32.97","29.57","28.96","29.52","30.69","28.93","27.95"
"520","1990","20","Telangana","Rangareddy","30.61","32.11","34.73","37.85","36.19","31.86","29.35","29.2","29.66","29.42","28.82","28.31"
"520","1991","20","Telangana","Rangareddy","30.0","32.75","36.38","37.23","39.05","32.67","29.44","29.31","30.35","30.96","28.39","28.02"
"520","1992","20","Telangana","Rangareddy","28.91","31.2","36.33","37.34","38.44","33.88","30.83","28.74","29.7","30.05","29.15","27.81"
"520","1993","20","Telangana","Rangareddy","29.83","31.94","35.06","37.28","38.92","34.28","29.88","29.59","29.24","29.74","28.15","27.2"
"520","1994","20","Telangana","Rangareddy","29.48","31.73","36.9","36.67","39.21","32.9","28.78","28.76","29.51","30.38","27.93","27.91"
"520","1995","20","Telangana","Rangareddy","28.02","31.73","35.2","37.58","37.01","35.16","29.7","30.4","29.9","30.18","29.77","29.56"
"520","1996","20","Telangana","Rangareddy","29.92","32.57","36.6","36.99","39.37","34.47","30.2","29.14","29.71","29.51","29.19","28.26"
"520","1997","20","Telangana","Rangareddy","28.46","31.9","36.24","35.56","38.45","34.33","30.22","29.72","29.86","31.02","29.45","28.47"
"520","1998","20","Telangana","Rangareddy","30.11","32.74","36.34","38.01","39.63","35.16","30.55","30.03","29.58","29.9","28.75","27.62"
"520","1999","20","Telangana","Rangareddy","28.68","32.48","36.58","37.93","37.39","32.52","29.7","29.4","29.19","30.45","29.25","28.8"
"520","2000","20","Telangana","Rangareddy","30.06","31.85","35.96","37.91","37.53","32.26","28.98","29.32","30.16","30.77","30.26","27.75"
"520","2001","20","Telangana","Rangareddy","29.49","32.84","35.79","37.01","39.74","33.44","30.66","29.07","30.27","29.89","29.77","28.23"
"520","2002","20","Telangana","Rangareddy","29.0","32.21","36.51","38.77","38.58","33.0","31.15","29.31","31.11","30.89","28.94","29.35"
"520","2003","20","Telangana","Rangareddy","29.92","33.29","36.1","38.51","41.04","35.89","30.4","29.95","30.28","30.86","29.32","28.32"
"520","2004","20","Telangana","Rangareddy","29.2","31.63","36.79","37.85","36.6","33.79","30.05","30.18","30.12","29.94","29.2","28.36"
"520","2005","20","Telangana","Rangareddy","29.74","32.38","36.13","37.29","39.21","35.15","29.21","29.41","29.27","30.02","27.38","27.74"
"520","2006","20","Telangana","Rangareddy","28.82","31.92","34.69","37.8","37.4","33.42","30.28","29.66","29.99","30.82","29.18","28.7"
"520","2007","20","Telangana","Rangareddy","29.45","31.53","36.01","37.33","39.31","32.79","30.42","29.81","29.23","30.32","28.25","29.39"
"520","2008","20","Telangana","Rangareddy","29.23","31.71","34.14","36.96","39.34","34.52","31.0","29.2","29.23","30.36","29.23","29.14"
"520","2009","20","Telangana","Rangareddy","29.77","33.45","35.71","38.64","39.26","35.2","30.97","30.93","30.47","30.3","29.72","29.02"
"520","2010","20","Telangana","Rangareddy","29.14","32.58","37.15","39.33","39.07","34.8","29.42","29.76","29.46","30.66","30.12","27.92"
"520","2011","20","Telangana","Rangareddy","28.21","31.32","35.67","36.6","38.7","34.17","30.48","29.52","30.26","31.32","29.65","28.99"
"520","2012","20","Telangana","Rangareddy","29.56","32.3","36.05","37.38","39.71","35.25","30.06","29.75","30.38","30.02","28.95","29.66"
"520","2013","20","Telangana","Rangareddy","30.5","31.82","36.04","37.91","39.76","32.34","28.89","29.59","29.79","30.17","28.5","27.63"
"520","2014","20","Telangana","Rangareddy","33.08","31.05","34.23","37.5","37.68","35.91","30.08","30.41","30.17","31.36","29.08","28.48"
"520","2015","20","Telangana","Rangareddy","28.52","31.79","35.23","36.33","39.22","33.58","32.55","30.87","30.43","31.68","30.78","30.75"